name,datetime,tempmax,tempmin,temp,humidity,precip,precipprob,windgust,windspeed,sealevelpressure
New York City,1/1/2022,56.1,50,52.7,92.5,0.735,100,13.2,8.1,1008.3
New York City,1/2/2022,58.4,38.3,50.4,84.1,0.087,100,31.4,14.9,1004.8
New York City,1/3/2022,37.6,23.5,30,50.2,0,0,31.1,17.3,1019.3
New York City,1/4/2022,34.3,19.3,27,49.3,0,0,23.3,12.2,1028
New York City,1/5/2022,46.1,30.7,38.9,78.4,0.213,100,20.4,10.8,1014
New York City,1/6/2022,40.6,35,37.3,51.6,0,0,23.8,12.8,1011.1
New York City,1/7/2022,34.2,26,30,67.1,0.35,100,32.6,16.1,1012.2
New York City,1/8/2022,29.8,20.6,25.7,45.1,0,0,28.7,14,1032.7
New York City,1/9/2022,39.4,28.3,35.3,68.7,0.105,100,26.4,13.9,1022.9
New York City,1/10/2022,39.9,25.2,30.5,47.9,0,0,30.4,20.7,1019.2
New York City,1/11/2022,24.6,15.9,18.7,40.8,0,0,32.9,21,1031
New York City,1/12/2022,39.7,19.4,31.1,47.3,0,0,24.2,12.9,1022.8
New York City,1/13/2022,47,34.3,39.4,60,0,0,10.1,6.8,1015.1
New York City,1/14/2022,42.5,24.4,37.4,65.8,0,0,32.7,20.1,1009.6
New York City,1/15/2022,21.5,11.4,16.2,44.5,0,0,26.4,14.4,1024.1
New York City,1/16/2022,35.4,9.8,20.4,65.2,0.229,100,24.5,17.5,1024.6
New York City,1/17/2022,44,34.4,38.3,76.7,1.115,100,38.5,21.4,989.9
New York City,1/18/2022,36.4,29.8,32.9,47,0,0,33.6,18.3,1011
New York City,1/19/2022,48.9,28.9,39.9,49.3,0,0,27.7,15.7,1017.7
New York City,1/20/2022,45,23.9,35.4,62.1,0.238,100,26.4,15.3,1020.4
New York City,1/21/2022,22.5,14.1,18.4,43,0,0,25.5,14.4,1033.1
New York City,1/22/2022,29.4,13.4,21.7,47.5,0,0,19.7,13.6,1027.1
New York City,1/23/2022,36.4,23.5,29.8,46.8,0.02,100,20.8,11.4,1012.6
New York City,1/24/2022,34.8,27.1,31.1,64.8,0,0,14.5,10.2,1011.3
New York City,1/25/2022,42.4,29.9,36.8,57.2,0,0,20.1,12.7,1014.1
New York City,1/26/2022,28.8,20.7,24.3,38.3,0,0,26.7,15,1026.9
New York City,1/27/2022,31.1,17.1,25,45.1,0,0,19,9.7,1028.9
New York City,1/28/2022,32.3,28.9,30.7,68.4,0.065,100,21.7,13.7,1019.5
New York City,1/29/2022,29.1,13.3,19.2,70.4,0.563,100,31.8,18.9,1006.5
New York City,1/30/2022,25.4,12.5,18.7,46.5,0,0,29.4,18.1,1015.6
New York City,1/31/2022,30,20,25,46.3,0,0,10.7,7.3,1027.1
New York City,2/1/2022,35.2,22.2,29.4,57.8,0,0,20.8,10.4,1033.5
New York City,2/2/2022,45.2,31.5,38.1,80.4,0,0,8.7,6.9,1030.1
New York City,2/3/2022,49.2,41.4,44.7,92.6,0.393,100,23.3,6.7,1022.9
New York City,2/4/2022,55.2,27.2,39.3,87.6,0.708,100,39.1,16.3,1012.8
New York City,2/5/2022,27.2,19.3,24.1,59.1,0,0,27.2,16.3,1024.3
New York City,2/6/2022,29.8,16.6,23.7,55.3,0,0,15,10,1035.4
New York City,2/7/2022,37.2,29.5,34,86.9,0.105,100,12.5,9.9,1024.8
New York City,2/8/2022,44.9,33.2,37.7,68.3,0.082,100,27.7,16.4,1013.8
New York City,2/9/2022,45.1,29.8,37,55.2,0,0,13.4,9.2,1017
New York City,2/10/2022,53.2,37.1,44.8,53.2,0,0,32,21,1011.6
New York City,2/11/2022,56.5,38.4,48.1,40.5,0,0,27.3,13.3,1014.1
New York City,2/12/2022,57.7,43.5,52.9,36.9,0,0,31.1,21,1013.8
New York City,2/13/2022,42.2,25.7,32.1,72.5,0.169,100,19.7,12,1019.5
New York City,2/14/2022,25.5,16.8,21.4,41.4,0,0,32,21.5,1021.4
New York City,2/15/2022,29.8,16.5,23.7,38.2,0,0,25.3,14.1,1036.3
New York City,2/16/2022,46.2,28.4,37.5,57,0,0,23,11,1036.5
New York City,2/17/2022,66.2,47.5,56.9,62.6,0.176,100,36.8,17.2,1018.8
New York City,2/18/2022,62.4,28.3,45,55.2,0.376,100,36.1,19.5,1006.8
New York City,2/19/2022,39.6,24.6,30.8,42.3,0,0,42.9,23.2,1016.8
New York City,2/20/2022,35.8,21,28.4,39.1,0,0,34.1,19.3,1029
New York City,2/21/2022,54,32.4,41.3,50.8,0,0,19.5,10.4,1026.8
New York City,2/22/2022,57.9,36.9,46.7,84.6,0.236,100,35.8,14.1,1022.6
New York City,2/23/2022,68.2,36.4,57.4,62.4,0,0,35.7,20.6,1015.4
New York City,2/24/2022,35.3,29.5,31.9,42.3,0,0,28.9,18.2,1030.1
New York City,2/25/2022,41.8,27.4,33.1,74.5,0.747,100,29.5,21.1,1020.5
New York City,2/26/2022,36.4,24.2,30,47.6,0,0,27.5,14.5,1028.2
New York City,2/27/2022,47.5,28.2,37.3,42,0,0,31.6,17.2,1016.4
New York City,2/28/2022,35.6,26.5,31.4,32.8,0,0,31.5,16.8,1023.4
New York City,3/1/2022,46.8,31.7,39.7,50,0,0,23,13.8,1020.3
New York City,3/2/2022,51.5,40.1,45.7,50.9,0,0,20.7,10.9,1014.4
New York City,3/3/2022,46.9,26.3,38.9,41.8,0.028,100,30.3,18.7,1017.6
New York City,3/4/2022,36.6,21.1,29.3,34.6,0,0,26.4,11.9,1032.1
New York City,3/5/2022,44.8,32.2,38.8,45,0,0,20.8,9.6,1031.2
New York City,3/6/2022,68.2,42.4,55.2,72.9,0.039,100,38.9,17.7,1017
New York City,3/7/2022,74,59.3,66.5,58,0.033,100,43.5,24.3,1006.5
New York City,3/8/2022,51.3,39.8,43.3,37.9,0,0,41,22.8,1017.1
New York City,3/9/2022,40.9,33.4,36.8,73.2,0.538,100,17.2,11.2,1017.3
New York City,3/10/2022,48.8,32.9,40.3,67.8,0,0,11.9,6.1,1020.6
New York City,3/11/2022,53.6,39.3,45.4,52.4,0,0,18.3,9.3,1017
New York City,3/12/2022,47,24.4,36.3,75.3,0.416,100,42.6,22.1,998.6
New York City,3/13/2022,33.7,21.9,27.7,44.3,0,0,35,21.7,1019.8
New York City,3/14/2022,56.2,32.1,44.4,43.4,0,0,23.5,11.7,1027.6
New York City,3/15/2022,67.7,45.7,54.6,41,0,0,23,9.5,1022.7
New York City,3/16/2022,64.2,50.1,56.1,50.9,0,0,19.7,11.1,1021.6
New York City,3/17/2022,53.2,44.5,48.9,90.4,0.075,100,18.3,11.6,1016.8
New York City,3/18/2022,72.3,50,57.9,75.4,0,0,16.1,10.2,1015
New York City,3/19/2022,67.8,48.7,58,78.4,0.062,100,29.9,10.1,1009.6
New York City,3/20/2022,60.5,46.3,55,56.3,0.01,100,35.1,24.3,1008.3
New York City,3/21/2022,62.2,44.8,52.4,36.1,0,0,30.3,17.6,1016.9
New York City,3/22/2022,57.2,44.2,51.2,23.7,0,0,28,14.8,1020.7
New York City,3/23/2022,48.3,40.2,43.4,40.3,0.018,100,23.5,11.4,1023.2
New York City,3/24/2022,46.9,38.5,42.8,90.3,0.402,100,32.9,19.3,1013.3
New York City,3/25/2022,59,44,50.6,64.7,0.475,100,38.5,17.7,1002.9
New York City,3/26/2022,51.6,44.8,49.4,50.2,0.011,100,30.7,14.6,998.5
New York City,3/27/2022,45.2,32.4,40.1,50.7,0,0,31.5,17.9,1003.5
New York City,3/28/2022,31.1,23.3,27.2,33.1,0,0,35.3,24.3,1012.6
New York City,3/29/2022,36.7,24.5,30.7,38.5,0,0,34.1,18.3,1019.9
New York City,3/30/2022,45.7,29.6,37.5,35.8,0,0,20.8,9.5,1021.6
New York City,3/31/2022,65.5,43.9,55.5,75.6,0,0,32.2,13.1,1006
New York City,4/1/2022,62.1,45.2,53.3,59.7,0.288,100,34,20.5,1002.3
New York City,4/2/2022,53.4,38.7,45,41.1,0,0,30.6,16.3,1016.2
New York City,4/3/2022,46.4,42.2,44.6,69.7,0.094,100,27.8,14.7,1010
New York City,4/4/2022,53.1,39.8,46.5,48.1,0,0,31.6,15.2,1014.1
New York City,4/5/2022,55.5,45.3,49.5,49.4,0.02,100,17.2,10.9,1017
New York City,4/6/2022,52.7,44.2,48.1,87.4,0.488,100,32.5,20.5,1010.3
New York City,4/7/2022,53.9,46.1,49.3,86.4,0.574,100,40.5,24.3,1007.7
New York City,4/8/2022,63.2,49.1,55.7,58.2,0.292,100,26.8,12.9,1002.1
New York City,4/9/2022,54.4,48.1,51.1,59.6,0.05,100,32.1,14.2,1003.5
New York City,4/10/2022,48.8,43.5,46.7,48,0,0,33.6,20.2,1008.3
New York City,4/11/2022,59.5,40.4,49.1,43.5,0,0,21.8,13.6,1018.1
New York City,4/12/2022,71.1,49.8,59.4,49.2,0.061,100,25.3,13.4,1016.1
New York City,4/13/2022,67.8,53.9,61.5,59,0,0,17.4,10.6,1015.5
New York City,4/14/2022,76.3,56.8,66.1,60.1,0.071,100,29.8,14.8,1008.1
New York City,4/15/2022,68.6,52.5,60.2,28.5,0,0,32.2,14.3,1018.1
New York City,4/16/2022,70.4,45.6,59.3,42.7,0.144,100,29.2,14.2,1013.2
New York City,4/17/2022,50.2,41.8,45.9,47,0.028,100,32,18.1,1019.5
New York City,4/18/2022,52.7,39.9,45.5,46.9,0.147,100,26.6,17.9,1024.6
New York City,4/19/2022,49.2,40,45,65.7,1.794,100,37.4,24.1,1006.7
New York City,4/20/2022,59.5,42.5,50.2,38.9,0,0,28.9,14.8,1025.2
New York City,4/21/2022,58.9,45.3,52.2,59,0,0,30.5,19.2,1030.3
New York City,4/22/2022,68.9,53,60.7,38.9,0,0,26.3,13.4,1027.4
New York City,4/23/2022,63.2,51,56.3,39.8,0,0,18.3,9.3,1027.5
New York City,4/24/2022,60.5,49,55.2,46.6,0,0,21.9,14.3,1024
New York City,4/25/2022,57.6,47.3,52.4,49,0,0,21.7,9.2,1023.9
New York City,4/26/2022,58.6,52,55,75.8,0.021,100,13.4,8.4,1017.8
New York City,4/27/2022,58.5,43.4,51.2,45.5,0.007,100,32.5,24.2,1014.1
New York City,4/28/2022,57.1,40.5,47.8,30.4,0,0,34.5,22.7,1016.1
New York City,4/29/2022,62.3,41.6,51.8,19.1,0,0,30.1,19.3,1018.2
New York City,4/30/2022,66.8,45.6,55.6,23.7,0,0,24.2,9,1019.2
New York City,5/1/2022,67.4,47.5,57.3,41.9,0,0,19.2,11.3,1019.2
New York City,5/2/2022,56.1,52.2,54,83.9,0.262,100,23,10.1,1017.4
New York City,5/3/2022,61.4,50.9,55.6,72.7,0,0,20.8,10.8,1020.5
New York City,5/4/2022,65.5,50.2,56,82.8,0.104,100,21.3,8.4,1015.6
New York City,5/5/2022,73.1,56.7,63.7,54.5,0,0,20.8,11.3,1017.3
New York City,5/6/2022,61.5,50.2,56.3,79.4,0.568,100,17,9,1013.7
New York City,5/7/2022,50.9,46.8,48.9,84.7,1.08,100,33.4,20.7,1010.7
New York City,5/8/2022,58.2,45.8,51.7,46.5,0.007,100,31.5,19.5,1018.6
New York City,5/9/2022,69.3,46.9,57.7,24.9,0,0,28.6,18,1023
New York City,5/10/2022,72,52.2,61,23.9,0,0,28.7,17.4,1026.6
New York City,5/11/2022,74.3,54,62.5,39.1,0,0,26.8,15,1024.9
New York City,5/12/2022,72.8,57.8,64.4,70.7,0,0,14.8,10.8,1025.4
New York City,5/13/2022,69.8,57.9,62.7,88.6,0.024,100,17.2,11.3,1024.4
New York City,5/14/2022,71.6,60.2,64.3,90.5,0.123,100,20.8,8.9,1018.5
New York City,5/15/2022,76.9,59.9,66.6,83.6,0.204,100,21.9,12.3,1011.5
New York City,5/16/2022,74.1,65.7,69.5,77.6,0.2,100,31.1,12.4,1004.9
New York City,5/17/2022,77.5,57.5,67,46.1,0,0,41.1,23.4,1007.5
New York City,5/18/2022,72.2,56.4,63.8,42.1,0,0,23,13.7,1013.4
New York City,5/19/2022,66.6,54.4,59.6,80.8,0.61,100,19,5.9,1008.5
New York City,5/20/2022,68,56,61.5,85.6,0.39,100,21.9,8.8,1013.4
New York City,5/21/2022,89.9,61.7,74.8,73,0,0,24.2,7.8,1015.2
New York City,5/22/2022,89.3,74.9,81.4,59.1,0,0,28.9,10.3,1015.2
New York City,5/23/2022,74.7,61.6,68.4,46.7,0,0,26.4,13.4,1020.9
New York City,5/24/2022,65.9,58.1,62.7,58.4,0,0,19.7,13,1025.3
New York City,5/25/2022,68.9,54.7,60.8,57.1,0,0,20.8,10.8,1028.1
New York City,5/26/2022,69.2,55.1,62.7,66.1,0,0,20.8,13.4,1024.5
New York City,5/27/2022,79.8,65.1,69.4,82.7,0.253,100,31.1,13,1013.2
New York City,5/28/2022,73.6,64.8,68.6,81.1,0.572,100,42.5,11.4,1007.3
New York City,5/29/2022,77.3,61,68.9,60.2,0,0,14.3,6.7,1016.7
New York City,5/30/2022,84.8,64.3,75.1,59.8,0,0,21.9,11,1018.3
New York City,5/31/2022,92.8,69.1,83.2,50.1,0,0,29.9,11.6,1014.1
New York City,6/1/2022,69.6,60.5,63.6,77.2,0.644,100,20.8,15.2,1014
New York City,6/2/2022,80.1,61.6,68.9,85.1,0.42,100,24.2,8.4,1007.5
New York City,6/3/2022,75.2,63.3,69.1,76,0,0,15.7,8.1,1007.7
New York City,6/4/2022,80.7,62.1,71.5,48.5,0,0,24.2,8.7,1011
New York City,6/5/2022,76.1,58.7,68.1,35.4,0,0,18.8,10,1015.1
New York City,6/6/2022,80.7,63.9,71.6,37.4,0,0,23.7,10.9,1016.8
New York City,6/7/2022,77.8,63.6,70,59.9,0.046,100,32.8,20.3,1016.5
New York City,6/8/2022,82.4,66.8,75,64.9,0.054,100,26.6,11.8,1011.2
New York City,6/9/2022,81.7,69.6,74.5,65.9,0.597,100,32.2,19.5,1004.3
New York City,6/10/2022,77.5,63.4,71.1,46,0,0,25.3,13.3,1010.2
New York City,6/11/2022,73.8,67,70.9,53.5,0.062,100,18.3,8.7,1012.9
New York City,6/12/2022,72.7,64.6,68.1,76.3,0.045,100,25.3,11.3,1014.4
New York City,6/13/2022,85.1,68.7,77.2,65.5,0.008,100,18.3,9,1012.3
New York City,6/14/2022,81.8,68.2,74.9,44.3,0,0,24.2,8.7,1012.9
New York City,6/15/2022,80.6,67.3,72.9,58.5,0,0,23,13.9,1018.3
New York City,6/16/2022,71.1,63.4,67.9,76.7,0.3,100,28.9,12.8,1019.6
New York City,6/17/2022,89.4,69.6,78.8,58.8,0,0,35,19.6,1006.5
New York City,6/18/2022,77.5,60.7,67.7,47.8,0,0,38.8,22.1,1006.3
New York City,6/19/2022,73.6,55.1,64.2,39.8,0,0,33.3,20.8,1013.8
New York City,6/20/2022,78.4,59.2,69.3,37.6,0,0,25.3,14.3,1019.2
New York City,6/21/2022,78.6,63.2,70.2,53.4,0.051,100,17.2,7.1,1019.5
New York City,6/22/2022,67.3,63.2,65.5,82.3,0.048,100,21.5,14.1,1016.9
New York City,6/23/2022,71.4,61.7,67.3,76,0.065,100,19.7,10.8,1015
New York City,6/24/2022,82.2,63.9,72,72,0,0,23,9.2,1016.2
New York City,6/25/2022,90,69.5,79.7,54.7,0,0,16.3,7.6,1018.5
New York City,6/26/2022,89.1,73.4,80.4,53.4,0,0,25.2,13.7,1018
New York City,6/27/2022,76.2,71.7,74,75.5,0.325,100,26.4,13.2,1014.3
New York City,6/28/2022,78.1,67.1,72.2,49.2,0,0,19.7,8.7,1020
New York City,6/29/2022,84.4,65.9,74.7,53.9,0,0,23,10.8,1022.4
New York City,6/30/2022,87.3,69.9,78.2,50.4,0,0,23,10.9,1021.2
New York City,7/1/2022,91.9,73.5,82.3,57.2,0,0,29.7,13.8,1016.5
New York City,7/2/2022,87.6,76.1,82.5,60.2,0,0,25.9,15,1012.4
New York City,7/3/2022,87.4,76,80.7,44.5,0,0,25.3,13.9,1015.6
New York City,7/4/2022,85.8,66.1,77.5,35.6,0,0,23,8,1019.9
New York City,7/5/2022,86.9,72.5,77,56.4,0.081,100,28.9,17.4,1015.8
New York City,7/6/2022,84.7,72.9,79.3,63.6,0,0,26.9,14.3,1010.3
New York City,7/7/2022,82.9,71,76.2,60.5,0,0,20.5,10.9,1015.3
New York City,7/8/2022,82.6,68.5,74,75.8,0.233,100,19.7,7.3,1015.4
New York City,7/9/2022,84.6,72.5,77.3,56.6,0,0,19.2,9.4,1016.3
New York City,7/10/2022,81.4,67.6,74,47.8,0,0,22.8,9.9,1017.6
New York City,7/11/2022,83.7,67.4,75,54.1,0,0,27.2,11.1,1013.8
New York City,7/12/2022,89.9,70.5,80.3,59.2,0,0,27.3,12.9,1007.9
New York City,7/13/2022,90.8,75.3,82.8,51.1,0,0,24.2,8.8,1010.7
New York City,7/14/2022,88.8,73,81.2,52.8,0,0,31.1,9,1014.1
New York City,7/15/2022,84.3,72.9,77.9,50.9,0,0,21.9,11.1,1019.8
New York City,7/16/2022,82.8,72.8,75.5,75.3,0.957,100,32.9,14.8,1018.9
New York City,7/17/2022,82.8,72.3,77.5,71.4,0.017,100,17.2,9.9,1016.2
New York City,7/18/2022,81.8,72.4,78,83,0.685,100,26.8,10.3,1011.9
New York City,7/19/2022,90.8,73.9,82.5,58.3,0,0,27.7,10.2,1007.8
New York City,7/20/2022,94.2,78.2,86.6,50.7,0,0,27.7,10.2,1007.3
New York City,7/21/2022,92.2,78.2,85.5,60,0.181,100,31.1,13,1004.7
New York City,7/22/2022,94,79.3,85.4,48.8,0.027,100,23.7,13.2,1010.6
New York City,7/23/2022,95.2,78.5,85.8,48.7,0,0,17.2,9.2,1015.2
New York City,7/24/2022,96.4,80.5,87.7,45.9,0,0,28,12.1,1014.9
New York City,7/25/2022,86.3,77.6,83.5,68.8,0.506,100,37.8,12,1011.3
New York City,7/26/2022,81.2,71.8,77.2,53.1,0,0,19.9,10.2,1014.9
New York City,7/27/2022,84,70.1,77.4,55.2,0,0,20.5,12,1013.5
New York City,7/28/2022,86.2,74.4,81,71.2,0.035,100,31.1,10.5,1010.1
New York City,7/29/2022,85.7,74.3,80.3,61.8,0.068,100,20.4,12.9,1012
New York City,7/30/2022,87.3,74.4,80.3,49,0,0,23,13.4,1016
New York City,7/31/2022,86,71,78.3,53.8,0,0,19.7,11.7,1020.5
New York City,8/1/2022,77.5,68.9,72.1,82.6,0.456,100,19.7,7.7,1014.5
New York City,8/2/2022,89.9,71.7,80.7,63.7,0,0,23,10.8,1009.7
New York City,8/3/2022,90,72.8,80.7,56.3,0,0,18.3,10.5,1014.6
New York City,8/4/2022,93,76.7,84,58.2,0,0,27.7,11.4,1016.8
New York City,8/5/2022,89.7,78.9,83.2,58.8,0,0,21.9,10.2,1019.6
New York City,8/6/2022,91.4,77.1,84.1,59,0,0,25.3,15.3,1021.9
New York City,8/7/2022,91.7,79.7,84.6,64.8,0.25,100,31.5,12.4,1020.3
New York City,8/8/2022,93.5,79.3,85.9,62.9,0,0,27.7,15.5,1015.3
New York City,8/9/2022,96.2,81.6,87.4,61.3,0.037,100,37.8,12.7,1012.5
New York City,8/10/2022,86.6,75.3,80.4,58.4,0,0,22.4,8.7,1016
New York City,8/11/2022,89.7,73.1,80.1,60.7,0.122,100,26.4,6.3,1012.2
New York City,8/12/2022,84.9,71.6,78,39.2,0,0,26.4,10.5,1014.9
New York City,8/13/2022,79.4,65.9,72.8,41.6,0,0,23,10.2,1018.4
New York City,8/14/2022,81.2,66.6,73.9,46.5,0,0,23,16.5,1017.5
New York City,8/15/2022,81.9,68.9,74.9,49.9,0,0,19.7,10.5,1015.6
New York City,8/16/2022,82.9,66.7,74.1,55.5,0,0,24.2,14.7,1015.9
New York City,8/17/2022,79.5,65.7,73.2,56.4,0.296,100,18.8,11.8,1015.4
New York City,8/18/2022,86.2,65.6,75,53.9,0,0,20.8,8.1,1012.6
New York City,8/19/2022,89.5,70.2,78.8,49.1,0,0,26.4,12.9,1017.1
New York City,8/20/2022,89.3,75.4,81,55,0,0,21.9,11.8,1020.3
New York City,8/21/2022,81.2,72.4,76.7,69.8,0,0,20.1,10.5,1019.3
New York City,8/22/2022,79.1,73.2,75.4,82.3,0.205,100,19.7,8.3,1013
New York City,8/23/2022,85.2,72.2,77.9,72.3,0.012,100,25,12,1009.5
New York City,8/24/2022,89.6,71.7,80.2,52.5,0,0,19.7,10.3,1013.7
New York City,8/25/2022,89.8,72.5,81.1,47.5,0,0,20.4,8.4,1016.4
New York City,8/26/2022,86.6,75.9,80.8,61.4,0.264,100,29.8,9.2,1013.3
New York City,8/27/2022,88.6,74.7,80.9,56.8,0,0,18.1,8.1,1015.1
New York City,8/28/2022,80.7,73.4,76.2,73.3,0,0,21.9,10.2,1020.5
New York City,8/29/2022,85.3,74.4,78.9,73,0.002,100,26.4,14.5,1019.1
New York City,8/30/2022,87.8,73.7,79.8,72.1,0.134,100,31.4,12.8,1011.9
New York City,8/31/2022,84.6,70.4,76.8,58.4,0.019,100,25.3,19.7,1008.9
New York City,9/1/2022,85.9,69.6,77.2,39.2,0,0,25.3,11.3,1013.2
New York City,9/2/2022,78.5,62.7,70.2,52.9,0,0,16.3,9,1023.2
New York City,9/3/2022,80.5,65.6,72.6,65.4,0,0,16.8,7.5,1024.2
New York City,9/4/2022,89.1,71.9,78.2,65.9,0,0,18.3,9.3,1019.6
New York City,9/5/2022,86.3,74,78,71.9,0.016,100,21.9,11.5,1018.1
New York City,9/6/2022,74.1,67.7,71.4,89.6,0.768,100,25.3,10.1,1015.9
New York City,9/7/2022,72.2,65.4,68.7,79,0.002,100,23.9,12,1015.4
New York City,9/8/2022,77.6,65.1,70.6,63.5,0,0,20.8,8.8,1013.2
New York City,9/9/2022,79.5,63.2,70.7,59.6,0,0,19.7,8.7,1017.7
New York City,9/10/2022,85.9,65.1,74.1,55.9,0,0,12.8,6.1,1022.9
New York City,9/11/2022,75.4,67.5,71.6,76.8,0.178,100,21.9,6.7,1019.9
New York City,9/12/2022,80.8,68.4,73.6,81.7,0.404,100,13.4,5.7,1010.7
New York City,9/13/2022,82.6,71,75.5,75,1.002,100,28.9,12,1007.4
New York City,9/14/2022,79.8,63.3,72.1,54.6,0,0,24.2,10.2,1013.4
New York City,9/15/2022,74.1,64.5,69.5,47,0,0,26.4,16.2,1020
New York City,9/16/2022,75.6,57.2,66.5,45,0,0,19.7,6.4,1021.9
New York City,9/17/2022,74.1,64.9,69.1,60.4,0,0,23,8.8,1023.6
New York City,9/18/2022,83.4,67.4,74.6,61.8,0,0,27.7,12.9,1017.8
New York City,9/19/2022,84.6,69.9,75.4,62.9,0.116,100,35.8,17.4,1012.6
New York City,9/20/2022,77.9,67.6,72.6,64.2,0,0,29.8,11.2,1011.7
New York City,9/21/2022,80.6,63.3,71,63.2,0,0,17.2,8.7,1012.8
New York City,9/22/2022,74.9,59.3,68.5,68.8,0.376,100,34.4,18.7,1004.3
New York City,9/23/2022,62.7,51.6,56.6,48.7,0,0,30.7,19.3,1012.5
New York City,9/24/2022,69.8,49.2,59.1,48.2,0,0,25.3,10.5,1015
New York City,9/25/2022,72.4,59.3,64.8,63.7,0.967,100,32.2,11.9,1007.2
New York City,9/26/2022,73.8,58.7,66,63.2,0.004,100,27.7,16.1,1005.3
New York City,9/27/2022,68.3,60,64.4,50.5,0,0,24.8,10.6,1010.8
New York City,9/28/2022,68.8,53.6,61.7,57.6,0,0,23,13.9,1018.8
New York City,9/29/2022,65.8,53.8,60.1,56.7,0,0,25.3,15.4,1026.8
New York City,9/30/2022,61.5,52.6,57.7,59.8,0,0,18.6,11.6,1025.3
New York City,10/1/2022,60.5,51.6,57,85.4,0.526,100,32.2,17.2,1017
New York City,10/2/2022,60.4,52.2,57.4,60.5,0.092,100,35.1,20.4,1018
New York City,10/3/2022,52.3,48.2,50.5,66.9,0.438,100,30.4,20.1,1022.5
New York City,10/4/2022,54.9,45.6,50.5,90.3,1.665,100,30.6,15.2,1015.6
New York City,10/5/2022,58.8,53.8,56.2,90.4,0.479,100,27.5,11.6,1012.7
New York City,10/6/2022,73.7,53.8,63.3,60.7,0,0,10.3,6.1,1014.2
New York City,10/7/2022,76.2,59.1,66.7,57.8,0,0,21.9,11.5,1014.4
New York City,10/8/2022,59.7,48.7,53.7,53.9,0.027,100,25.3,14.7,1020.3
New York City,10/9/2022,61.5,44.5,53.2,53.5,0,0,27.5,14.3,1020.6
New York City,10/10/2022,67.2,51.7,59,46.9,0,0,25.3,12.9,1022.1
New York City,10/11/2022,70.1,51.1,60.4,57.3,0,0,19.7,7.2,1025.3
New York City,10/12/2022,69,56.7,62.2,56.6,0,0,25.3,15.8,1022.5
New York City,10/13/2022,68.2,55.7,64.8,83.7,0.48,100,28.9,15.2,1011.8
New York City,10/14/2022,67.1,53.2,58.9,65,0.297,100,26.4,9.3,1011.8
New York City,10/15/2022,68.6,50.8,59.8,60.8,0,0,26.4,11.4,1015.9
New York City,10/16/2022,65.2,53.4,59.5,58.4,0,0,12.3,7.2,1013.7
New York City,10/17/2022,65.9,55.8,60.2,71,0.147,100,21.9,12.4,1005.7
New York City,10/18/2022,56.5,47.8,52.3,49.4,0.014,100,23,11.1,1004.2
New York City,10/19/2022,53.7,42,48.3,52,0,0,25.3,12.2,1009.9
New York City,10/20/2022,58.1,43.8,51.3,48.7,0,0,27.5,11.1,1014.8
New York City,10/21/2022,62.5,46.4,54.6,49.2,0,0,14.1,6.8,1019.5
New York City,10/22/2022,65.9,49,57.4,55.3,0,0,11.9,6.7,1024.2
New York City,10/23/2022,61.5,55.1,57.8,66.7,0.032,100,26.4,13.2,1024.7
New York City,10/24/2022,61.2,55.2,57.8,89.6,0.407,100,23,13.3,1021.4
New York City,10/25/2022,69.4,61.2,64.6,92.8,0.137,100,15.4,8.1,1018.3
New York City,10/26/2022,72.4,62.7,66.2,86,0.003,100,18.3,10.7,1010.2
New York City,10/27/2022,65.3,53.7,60.2,53.4,0,0,28.7,13.5,1018.5
New York City,10/28/2022,56.7,45.2,51.1,51.2,0,0,24.2,11.7,1032.1
New York City,10/29/2022,58.1,43.4,50.9,59.1,0,0,13.6,8.5,1030.9
New York City,10/30/2022,62.9,43.9,53.2,56.7,0,0,11.2,4.7,1023.9
New York City,10/31/2022,64.8,51.8,58.2,73.6,0.014,100,16.6,10,1017.8
New York City,11/1/2022,67.3,59.1,62.5,82,0.155,100,17.9,9.3,1016.2
New York City,11/2/2022,70.2,56.5,62.4,59.2,0,0,15.9,10.6,1024.4
New York City,11/3/2022,67.1,52,58.7,64.2,0,0,9.4,5.7,1028.4
New York City,11/4/2022,70.8,52.4,60.6,79.2,0,0,11.2,8.2,1027.3
New York City,11/5/2022,75.4,64.1,68.3,74.7,0,0,26.4,9.9,1023.5
New York City,11/6/2022,74.3,66.1,69.6,75.7,0.003,100,26.4,8,1022.4
New York City,11/7/2022,76.8,57.5,70.5,49.1,0.006,100,28.7,11.7,1022.1
New York City,11/8/2022,58,47.6,52.4,35.1,0,0,30.3,13.8,1033.2
New York City,11/9/2022,53.2,39.9,47.1,49.7,0,0,21.2,13.6,1036.3
New York City,11/10/2022,66.8,47.4,56.4,67.3,0,0,14.3,8.2,1027.7
New York City,11/11/2022,68.3,58.5,63.6,86.8,0.876,100,28.9,12.2,1014.5
New York City,11/12/2022,68.9,62.1,66.8,69.5,0.069,100,30.6,14.3,1002.6
New York City,11/13/2022,60.9,42.7,51,63.6,0.036,100,31.1,19.8,1011.9
New York City,11/14/2022,44.9,37.9,41.2,49.2,0,0,27.1,19.2,1025.9
New York City,11/15/2022,45.8,35.9,40.4,60,0.407,100,24.8,14.4,1028.6
New York City,11/16/2022,50.2,40.5,44.6,73.1,0.382,100,34.3,15.6,1013.2
New York City,11/17/2022,45.6,38.2,40.7,51.9,0,0,27.9,14.3,1014.1
New York City,11/18/2022,43.6,34.4,39,49.3,0,0,31.6,17.9,1019
New York City,11/19/2022,40.2,31.8,36.2,44.8,0,0,31.1,12.9,1021.3
New York City,11/20/2022,38,30.1,34.5,36.8,0,0,32.4,19.4,1020
New York City,11/21/2022,41.3,27.6,34.8,39,0,0,28.8,13.2,1028.4
New York City,11/22/2022,51.5,37.8,44.1,41.4,0,0,23,10.9,1025.7
New York City,11/23/2022,55.6,42.3,48,38.1,0,0,20.8,10,1023.2
New York City,11/24/2022,53.4,39,46.5,59.3,0,0,12.1,7.5,1027.2
New York City,11/25/2022,55.4,47.2,49.6,66.2,0.016,100,31.4,16.3,1013.4
New York City,11/26/2022,56.9,43.2,49.5,40.4,0,0,33.4,14,1015.5
New York City,11/27/2022,59.1,48.2,52,64.9,0.659,100,34.9,19,1006
New York City,11/28/2022,55.3,42.5,50.4,62,0,0,33.2,16.5,1006.1
New York City,11/29/2022,43.2,36.3,40.4,60,0,0,11.6,6.4,1024.1
New York City,11/30/2022,58,40.1,49,73.8,0.387,100,38.8,23.1,1013.6
New York City,12/1/2022,42.9,36.2,39.4,42.5,0,0,32.6,24.3,1023
New York City,12/2/2022,45.2,32.3,38.8,51.6,0,0,21.9,9.1,1032.4
New York City,12/3/2022,58,46.1,52.7,74.1,0.45,100,34.9,17,1020
New York City,12/4/2022,45.4,38.8,42,44,0,0,31.6,13.2,1021.9
New York City,12/5/2022,47.6,35.3,41.5,49.7,0,0,11.6,8.1,1024.6
New York City,12/6/2022,57.3,40.9,50.9,82.9,0.687,100,26.4,11,1025.6
New York City,12/7/2022,58.3,55.5,57.1,91.8,0.412,100,28.6,10.9,1020.8
New York City,12/8/2022,54.6,43.6,50.5,62.9,0,0,26.4,15.6,1022.5
New York City,12/9/2022,45.4,35.8,39.7,51.3,0,0,21.9,11.9,1025.1
New York City,12/10/2022,39.3,31.3,36.1,55,0,0,20.8,12.2,1027.9
New York City,12/11/2022,40,33.5,37.4,79.5,0.286,100,20.8,13.7,1023
New York City,12/12/2022,38.2,29.6,33.7,75.3,0.017,100,23,11.6,1021.4
New York City,12/13/2022,40.6,25.8,32.2,56.9,0,0,19.7,10,1024.3
New York City,12/14/2022,38.9,31.3,34.4,50.5,0,0,24.2,14.1,1020.6
New York City,12/15/2022,42.5,33,38,74.5,0.527,100,32.2,15.7,1020.7
New York City,12/16/2022,44.4,38.5,42.1,89.2,0.763,100,33.9,19.1,1004.3
New York City,12/17/2022,44.5,37.3,40.5,60.1,0,0,28.9,14.3,1006.6
New York City,12/18/2022,40,33.4,36.3,52.9,0,0,27.7,16.6,1013.2
New York City,12/19/2022,38.5,31.1,34.2,53.8,0,0,28.8,14.9,1022.6
New York City,12/20/2022,39.5,31.3,34.6,52.9,0,0,23,12.2,1028.8
New York City,12/21/2022,40.2,28.1,33.9,58,0,0,9.8,6.8,1031.9
New York City,12/22/2022,45.7,34,40,78.3,0.214,100,27.9,17.7,1024.8
New York City,12/23/2022,57.2,9,38,74.9,1.089,100,44.5,29.3,993
New York City,12/24/2022,15.2,7.2,11.3,44.5,0,0,33.3,23,1008.9
New York City,12/25/2022,27.7,14.3,20.9,47.8,0,0,28.9,16.3,1013.4
New York City,12/26/2022,29,18.6,24.3,46.2,0,0,27.7,17.9,1022.3
New York City,12/27/2022,34.7,29,31.7,45.5,0,0,19.7,10.4,1024.9
New York City,12/28/2022,47.3,33.1,39.9,48,0,0,21.9,13.4,1025.9
New York City,12/29/2022,50.3,39.1,44.7,47.2,0,0,19.7,9,1025.6
New York City,12/30/2022,61.1,45.6,51.1,50.3,0,0,11.9,6.6,1024.4
New York City,12/31/2022,54.7,49.2,51,88.6,0.271,100,14.3,6.4,1015.6
New York City,1/1/2023,54.2,49.5,51.9,65.6,0.012,100,21.9,13.4,1012.2
New York City,1/2/2023,56.3,46.7,52,63.3,0.022,100,12.1,7.6,1019.3
New York City,1/3/2023,55.6,46.8,51.3,88.3,0.39,100,19.9,7.6,1014.4
New York City,1/4/2023,65.7,49.2,57.8,80.6,0.019,100,17.4,9.1,1009.9
New York City,1/5/2023,49.6,45.2,47.9,90.5,0.016,100,10.7,8.7,1013.4
New York City,1/6/2023,47.9,40.3,44.6,78.6,0.272,100,31.1,11.4,1015.6
New York City,1/7/2023,44.4,37.3,40.7,61.3,0,0,23,10.6,1020.7
New York City,1/8/2023,40.9,33.5,37.5,53.6,0,0,12.8,10.7,1024.5
New York City,1/9/2023,44.5,37.4,40.1,61.7,0.007,100,24.2,11.9,1014.2
New York City,1/10/2023,41.2,37.8,39.7,55.2,0,0,14.8,8.3,1016.6
New York City,1/11/2023,39.3,35.2,37.7,54.7,0,0,18.3,11.1,1023.2
New York City,1/12/2023,54.2,37.2,45,81.4,0.195,100,27.3,12.6,1017.5
New York City,1/13/2023,56,38.9,49.3,75.2,0.155,100,39.6,16.1,1002.3
New York City,1/14/2023,38,32.2,34.4,62.1,0,0,37.1,19.8,1009.6
New York City,1/15/2023,41.4,30.3,34.6,50.4,0,0,42.5,20.4,1015.4
New York City,1/16/2023,48.1,29.4,36.9,34.9,0,0,29.8,15.6,1011.9
New York City,1/17/2023,47,35.3,41.9,33.9,0,0,13.4,8.6,1005.9
New York City,1/18/2023,52.5,43.5,47.9,58.6,0.044,100,29.7,19.1,1008.6
New York City,1/19/2023,44.7,40.3,41.8,79,0.826,100,30.2,9.1,1012.3
New York City,1/20/2023,48.8,40.5,44.3,68.9,0.003,100,28.9,17,1005.3
New York City,1/21/2023,42.7,37.3,39.2,55.9,0,0,31.1,14.9,1019.4
New York City,1/22/2023,41.9,36.4,38.8,63.5,0.353,100,22.8,10.5,1018.7
New York City,1/23/2023,39.3,36.2,37.9,81.6,0.533,100,31.9,19.6,1004
New York City,1/24/2023,45.9,35.4,39.8,50.8,0,0,30.3,15.9,1019.7
New York City,1/25/2023,54.1,36.1,40.6,67.9,0.818,100,32.9,16.3,1019.4
New York City,1/26/2023,55.7,41,46.3,62.8,0.461,100,37,19.9,1002.8
New York City,1/27/2023,41.6,35.8,38.9,53.1,0,0,21.9,12.8,1018.2
New York City,1/28/2023,51.8,36.5,44.6,42.9,0,0,30.4,15,1023.5
New York City,1/29/2023,52.8,42,48,51.9,0,0,27.5,11.5,1022.7
New York City,1/30/2023,54.3,43.5,48.3,61.7,0,0,19.7,11.9,1020.1
New York City,1/31/2023,49.4,32.2,38.3,61.2,0.057,100,20.8,10.6,1021.5
New York City,2/1/2023,37.8,26.8,32,48.6,0.024,100,18.3,9.5,1024.1
New York City,2/2/2023,39.5,28.6,34.2,37.4,0,0,21.9,12.4,1019.5
New York City,2/3/2023,35.1,12.3,23.8,38.1,0,0,40,24.4,1016.4
New York City,2/4/2023,26.5,4.3,14.9,36.2,0,0,34.8,18.3,1033.7
New York City,2/5/2023,48.4,26.5,38.1,47,0,0,19.2,12.8,1021.8
New York City,2/6/2023,51.9,35.6,43.5,54.3,0,0,28.6,17.9,1016.6
New York City,2/7/2023,42.5,29.5,36.4,57.3,0.012,100,18.3,8.4,1025.1
New York City,2/8/2023,53.5,38.9,46,52.3,0.007,100,29.5,13.5,1022
New York City,2/9/2023,53.8,41,47.4,62.8,0,0,20.1,9.8,1020.7
New York City,2/10/2023,58.5,47,54.3,52.7,0,0,30.6,20.6,1011.6
New York City,2/11/2023,45.4,37.3,41.5,40.1,0,0,30.1,15.3,1023.3
New York City,2/12/2023,47.6,38.4,42.5,44.2,0.017,100,17.2,11.5,1017.6
New York City,2/13/2023,57.3,40.8,48.3,29.6,0.015,100,27.7,13.8,1002.9
New York City,2/14/2023,54.3,41.4,48.1,35,0,0,27.4,15.8,1015.8
New York City,2/15/2023,64.8,47.2,55.7,45.1,0,0,32.1,17.6,1016.7
New York City,2/16/2023,68.3,56.3,60.3,54.2,0.065,100,24.2,12.3,1014.2
New York City,2/17/2023,61.2,33.2,50.7,74,0.159,100,34.6,24.2,1005.4
New York City,2/18/2023,42.7,27.8,35.4,40.6,0,0,35.9,19.4,1024.8
New York City,2/19/2023,49.1,37.6,42.9,54.3,0,0,31.7,19.7,1023.7
New York City,2/20/2023,61.4,46.4,52.2,59.8,0,0,26.2,16.7,1006.7
New York City,2/21/2023,49.2,37.6,42.5,72.8,0.256,100,33.3,12.6,1004.6
New York City,2/22/2023,43.5,37.5,39.9,60.8,0.155,100,16.1,10,1017.9
New York City,2/23/2023,43.2,38.3,39.9,86.7,0.022,100,21.9,12,1012.9
New York City,2/24/2023,45.4,27.6,39.9,54.4,0,0,37.5,20,1022.5
New York City,2/25/2023,33,23.4,27.7,53.7,0,0,21.9,18.9,1028.9
New York City,2/26/2023,50.7,29.6,38,60,0,0,25.3,12.9,1012.8
New York City,2/27/2023,43.6,33.3,38.1,50.1,0.187,100,28.9,12.4,1012.9
New York City,2/28/2023,37.5,32.6,35.1,87.9,0.387,100,27.3,16,1007.8
New York City,3/1/2023,44.1,34.1,39.6,69.2,0.005,100,23.3,13.9,1018.4
New York City,3/2/2023,54,39.8,45,72.6,0,0,30,18.2,1006.8
New York City,3/3/2023,45.7,37.1,40.9,55.7,0.086,100,29.7,14.1,1015
New York City,3/4/2023,45,39.4,42.1,77.8,0.966,100,35,21.4,1002.1
New York City,3/5/2023,52.6,38.5,44.9,51.5,0,0,34.4,18.3,1019.2
New York City,3/6/2023,51.5,40.3,46.3,38.5,0,0,25.2,12.4,1018.2
New York City,3/7/2023,46.8,33.3,39.5,48.4,0.065,100,40.7,25.7,1010.7
New York City,3/8/2023,47.4,31.3,38.5,49.1,0,0,32.2,20.8,1020
New York City,3/9/2023,51.2,34.2,41.4,51,0,0,28.9,14.2,1021.3
New York City,3/10/2023,44.8,35.3,40.5,63.7,0.285,100,16.1,9.2,1014.5
New York City,3/11/2023,44,35.7,40.2,75.8,0.436,100,26.4,14.4,1007.8
New York City,3/12/2023,46.8,34.3,40.3,56.4,0,0,19.7,9.7,1016.1
New York City,3/13/2023,44.4,39.1,41.5,84.9,0.434,100,26.4,14.9,1011.9
New York City,3/14/2023,39.4,33.6,35.9,78.4,0.32,100,33.1,20.8,1000.8
New York City,3/15/2023,44.7,34.5,38.7,47.4,0,0,41.1,23.9,1008.9
New York City,3/16/2023,58.6,35.3,45.5,28.1,0,0,24.3,12.3,1015.8
New York City,3/17/2023,58.7,46.8,53.3,38,0,0,21.8,11.7,1006.5
New York City,3/18/2023,56.8,43.2,48.9,42,0.019,100,29.3,14.2,1005.4
New York City,3/19/2023,43.3,30.3,35.9,31.8,0,0,31.9,18.2,1015.5
New York City,3/20/2023,50.9,31.6,40.7,35.4,0,0,24.2,13.4,1024.4
New York City,3/21/2023,62.3,39.5,51.3,25.6,0,0,25.3,16.3,1026.9
New York City,3/22/2023,60.5,47.4,52.5,42.8,0,0,25.3,15,1026.2
New York City,3/23/2023,60.2,48.1,53.7,80.3,0.077,100,24.2,10.7,1013.4
New York City,3/24/2023,58.7,44.2,50.1,47.8,0,0,29.8,12.8,1013.8
New York City,3/25/2023,47.7,42.3,44.2,70.5,0.156,100,27.7,15.2,1013.7
New York City,3/26/2023,62.4,43,52.8,49.6,0,0,27.4,12.5,1011.1
New York City,3/27/2023,59.3,44.4,50.8,43.5,0.256,100,20.8,13.4,1015.8
New York City,3/28/2023,51.9,42.5,46.8,59.4,0.002,100,24.2,11.3,1017.7
New York City,3/29/2023,54.1,39.7,46.3,40,0,0,25.3,15.2,1019.4
New York City,3/30/2023,46.1,31.1,39.4,38.8,0.015,100,38,19.1,1024.1
New York City,3/31/2023,52.6,38.6,46.2,50.2,0,0,27.8,13,1022.8
New York City,4/1/2023,71.4,53.6,60.4,68.6,0.336,100,42.1,16.1,1000.3
New York City,4/2/2023,52.5,40.5,46.9,34.8,0.017,100,35.8,19.8,1010.8
New York City,4/3/2023,58.1,39.1,48.5,41.2,0,0,26.4,14.8,1019
New York City,4/4/2023,72,48,59.6,67.4,0,0,16.8,10.3,1016.5
New York City,4/5/2023,57.7,46.7,50.7,87.1,0.001,100,29.9,15.2,1022.6
New York City,4/6/2023,78,46.5,59.6,72.8,0,0,28.9,17.2,1019.7
New York City,4/7/2023,61.2,46.3,54.1,27.5,0,0,26.4,15.8,1026
New York City,4/8/2023,51.9,38.2,45.1,33.7,0,0,31.1,14.3,1031.5
New York City,4/9/2023,53.5,40.6,46.5,44,0,0,20.6,13.7,1032.1
New York City,4/10/2023,65.7,42.3,53,44.3,0,0,21.9,11.9,1029.6
New York City,4/11/2023,74.1,51.1,63.4,25.2,0,0,29.7,17.7,1019.5
New York City,4/12/2023,83.9,65.4,73.7,23.6,0,0,31.1,14.3,1010.3
New York City,4/13/2023,89.4,66.7,78.8,27.8,0,0,25.3,15.6,1010.3
New York City,4/14/2023,89.7,68.7,79.1,28.1,0,0,20.8,13.5,1010.7
New York City,4/15/2023,74.6,59.1,66.9,71.6,0.036,100,17.9,10.5,1011.9
New York City,4/16/2023,69.1,57.5,62.1,80.4,0,0,13.9,8.2,1009.6
New York City,4/17/2023,67.1,53.7,58.5,69.7,0.008,100,29.7,15.9,1003.1
New York City,4/18/2023,57.5,47.2,52.5,41.3,0,0,32.4,18.3,1007.6
New York City,4/19/2023,64.4,45.6,52.6,42.3,0,0,25.3,14.4,1016.7
New York City,4/20/2023,63.9,45,53.7,49.4,0,0,14.3,10.3,1022
New York City,4/21/2023,68.8,51.3,59,61.9,0,0,21.9,14.2,1018.3
New York City,4/22/2023,66.1,51.2,57,81.8,0.401,100,31,13.3,1013.9
New York City,4/23/2023,67.3,54.2,58.8,72.5,1.508,100,29.8,12.4,1010.8
New York City,4/24/2023,60.7,45.4,53.2,46.5,0,0,26.4,11.3,1016.8
New York City,4/25/2023,58.9,46.7,53.3,43.6,0,0,18.3,7.3,1020.7
New York City,4/26/2023,57.5,46.2,52.5,56.4,0,0,19.7,11.3,1023
New York City,4/27/2023,56.4,51.3,53.3,71.7,0,0,15,9.5,1022.6
New York City,4/28/2023,55.5,47.9,51.9,69.5,0.187,100,24.2,10.5,1020.9
New York City,4/29/2023,53.2,48.3,50.5,93.4,2.728,100,29.8,13.5,1012.5
New York City,4/30/2023,60.6,50.2,54.5,95.2,2.327,100,40.3,13.4,999.5
New York City,5/1/2023,61.8,49.5,56.7,56.4,0.078,100,32.2,19.7,991.5
New York City,5/2/2023,56.5,47.1,51.5,63.8,0.171,100,28.7,17,995.7
New York City,5/3/2023,56.4,47.4,51.2,59.6,0,0,24.2,10.5,999
New York City,5/4/2023,54.6,48.3,51.1,76.6,0.034,100,18.3,8.6,1010.3
New York City,5/5/2023,63.3,48.1,55.2,66.5,0.004,100,14.3,11,1021.4
New York City,5/6/2023,73,48.7,61.6,52.4,0,0,24.2,9.8,1022.5
New York City,5/7/2023,77.2,56.2,66.4,43.1,0.014,100,25.3,13.7,1015.1
New York City,5/8/2023,76.6,58.6,68,49.7,0.002,100,26.4,15.9,1008.3
New York City,5/9/2023,68.7,55.8,61.3,35.2,0,0,21.9,9.4,1014.2
New York City,5/10/2023,72.7,51.2,61.5,47.3,0,0,16.1,8,1019.9
New York City,5/11/2023,81,57.6,70,33.2,0,0,25.2,9.5,1018.7
New York City,5/12/2023,87.2,65.2,76.4,34.2,0,0,25.3,11.1,1017.1
New York City,5/13/2023,81.4,71.3,76,38.1,0,0,23,11.7,1015.6
New York City,5/14/2023,74,60,66.8,30,0,0,29.9,10.8,1021.2
New York City,5/15/2023,74.2,53.4,64.9,31.8,0,0,23.6,12.7,1021.5
New York City,5/16/2023,79.2,58.7,70.4,34.5,0,0,27.6,15.5,1006.9
New York City,5/17/2023,71.5,53.4,61.8,34.2,0,0,31.1,15,1007.7
New York City,5/18/2023,59.5,44.7,53.3,43.3,0,0,22.9,14.1,1025.3
New York City,5/19/2023,69,53.1,60.5,61.5,0,0,29.6,19.7,1026.4
New York City,5/20/2023,65.5,57.5,61.3,90.5,0.859,100,17,8.1,1017.2
New York City,5/21/2023,70.1,56.4,64.1,61.3,0.016,100,28.9,13.9,1013.7
New York City,5/22/2023,73.7,57.2,64.6,60.2,0,0,20.8,11.7,1021.1
New York City,5/23/2023,68.1,55.9,60.8,62.3,0,0,18.3,12.4,1026.1
New York City,5/24/2023,76.9,53.9,62.7,51.6,0.045,100,32.2,16.3,1017.9
New York City,5/25/2023,67.5,51.2,59.6,46.6,0.003,100,31.2,19.8,1019.9
New York City,5/26/2023,72.7,53.2,63.7,37.9,0,0,20.8,10.7,1024.2
New York City,5/27/2023,77.4,56.8,66.7,38.5,0,0,16.3,7.7,1025.5
New York City,5/28/2023,77.9,59.7,68,36.9,0,0,15,12.4,1020.2
New York City,5/29/2023,77.8,62.2,69.2,46.4,0,0,30,17.5,1016.8
New York City,5/30/2023,69.6,56.3,62.2,55.7,0,0,19.7,12.1,1022.5
New York City,5/31/2023,75.5,51.6,63.2,63.4,0,0,12.3,7.6,1022.2
New York City,6/1/2023,85.5,59.6,71.5,58.3,0,0,13.6,7.6,1018.5
New York City,6/2/2023,88.4,66.5,75.5,54.5,0.16,100,17.2,7.3,1012.6
New York City,6/3/2023,69.8,58,65.2,70,0,0,22.6,12.2,1015
New York City,6/4/2023,68.7,49.7,59.5,55.9,0,0,24.3,14.2,1016.5
New York City,6/5/2023,75.3,56.2,66.3,46.6,0,0,24.6,12.2,1011.5
New York City,6/6/2023,78.1,61.5,68.6,40.6,0.01,100,31.1,10.8,1004.9
New York City,6/7/2023,69.3,58.3,64.1,44.5,0,0,27.8,13.4,1003.6
New York City,6/8/2023,71,56,63.6,49.5,0,0,20.8,8.5,1005.7
New York City,6/9/2023,73,58.3,65.3,52.3,0,0,19.7,10.8,1006.8
New York City,6/10/2023,77.8,58.4,68.3,51.5,0,0,23,11.3,1008.3
New York City,6/11/2023,80.7,65.4,72.4,62,0.011,100,21.9,10.8,1010.7
New York City,6/12/2023,77.2,67.5,71.6,75.4,0.154,100,24.4,15.5,1007
New York City,6/13/2023,79,64.6,71.1,58.5,0.033,100,25.3,13.4,1004.4
New York City,6/14/2023,75.4,65.2,68.7,62.2,0.21,100,35.6,17,1001.2
New York City,6/15/2023,77.7,61.5,69.8,56.4,0,0,23,13.4,1003
New York City,6/16/2023,79.2,64.6,69.3,63.1,0.207,100,26.4,10.1,1006
New York City,6/17/2023,77.2,62.4,68.5,60.6,0,0,33.3,15.5,1004.9
New York City,6/18/2023,79.8,63.6,72,49.8,0,0,23,14.1,1010.1
New York City,6/19/2023,79.6,65.8,71.8,61.2,0,0,18.3,9.8,1016.9
New York City,6/20/2023,76.5,64.2,69.4,65.5,0,0,17.7,8.9,1022.1
New York City,6/21/2023,72,62.2,66.5,65.2,0,0,24.6,16.6,1024.3
New York City,6/22/2023,71.2,60.5,65.4,70.4,0.006,100,25.4,15,1021.1
New York City,6/23/2023,71.5,65.2,67.9,85.2,0.041,100,21.9,7.6,1016.8
New York City,6/24/2023,78.2,69,73.1,84.5,0.053,100,15.4,10.5,1010.8
New York City,6/25/2023,82.1,70.8,75.9,76.4,0.006,100,17.2,8.4,1009.4
New York City,6/26/2023,78,70.4,73.1,83,0.244,100,33.3,10.3,1007.6
New York City,6/27/2023,77.6,67.5,71.5,84,0.325,100,24.6,7.4,1005.7
New York City,6/28/2023,82,67.4,74.2,70.2,0,0,24.2,13.2,1009
New York City,6/29/2023,81.9,65.7,74.2,60.5,0,0,20.8,10.1,1015.4
New York City,6/30/2023,83.7,69.5,76.2,63.4,0,0,17.2,12.3,1017.1
New York City,7/1/2023,82.1,69.6,75.2,59.5,0,0,36.4,13.9,1016.7
New York City,7/2/2023,86.2,71,77.2,77.5,0.271,100,31.6,12.2,1011.1
New York City,7/3/2023,88.2,73.8,80,72.8,0.426,100,36.9,8.6,1009.7
New York City,7/4/2023,82.1,74.4,77.1,81.7,0.508,100,32.2,7.8,1012
New York City,7/5/2023,91.7,71.9,81.9,63.7,0,0,12.8,8,1014.5
New York City,7/6/2023,88.8,76.5,82.5,65.6,0,0,27.7,12.6,1013.4
New York City,7/7/2023,86.4,75.5,79.6,73.9,0,0,17.2,9.6,1011.1
New York City,7/8/2023,87,76.1,79.8,75.3,0,0,39.1,18.6,1010.5
New York City,7/9/2023,81.4,72.7,77.6,81.8,0.779,100,24.2,14.1,1009.6
New York City,7/10/2023,84.2,72.6,77.6,69.7,0.007,100,25.3,11.7,1007.8
New York City,7/11/2023,88.2,69.8,79.6,48.2,0,0,17.2,10.1,1011.5
New York City,7/12/2023,90.5,76,83.6,46,0,0,23,9.4,1012.8
New York City,7/13/2023,88.6,77.4,83.1,60.5,0,0,30.6,16.8,1010.7
New York City,7/14/2023,83.3,73,78.4,74,0.174,100,20.8,11.7,1011.8
New York City,7/15/2023,87.2,72.4,78.4,82,0.212,100,29.8,15.8,1013.3
New York City,7/16/2023,79.1,74.7,77.7,89.1,1.225,100,25.3,13.4,1009.7
New York City,7/17/2023,88.6,74.4,80.9,71.5,0,0,22,11.6,1012.5
New York City,7/18/2023,83.5,74.6,78.6,75.6,0.329,100,29.8,11,1013.8
New York City,7/19/2023,80.4,73.3,76.1,72.7,0.053,100,20.1,7.4,1015.9
New York City,7/20/2023,85.7,72.9,78.2,64.7,0,0,18.3,10.3,1014.6
New York City,7/21/2023,84.8,72.3,78.5,67.8,0.161,100,21.9,13,1007.9
New York City,7/22/2023,83.3,70.5,77.5,50.8,0,0,23,12,1008.7
New York City,7/23/2023,86,70.2,78.4,52.8,0,0,18.3,13.2,1013.9
New York City,7/24/2023,85.2,75.2,79.1,58.2,0,0,20.8,14.1,1018.4
New York City,7/25/2023,85.3,70.2,76.1,71.9,0.3,100,21.2,11.1,1018
New York City,7/26/2023,87.5,68.5,77.7,66.7,0,0,23,14.1,1018.2
New York City,7/27/2023,92.4,75.3,83.5,67,0.15,100,33.3,17.4,1014
New York City,7/28/2023,92.2,76.2,83.9,64.9,0,0,19.7,8.4,1014.5
New York City,7/29/2023,89.4,75.6,82.4,65,0.055,100,52.8,12.2,1008.7
New York City,7/30/2023,79.8,66.3,73.1,52.2,0,0,28.4,11.4,1012.8
New York City,7/31/2023,84.3,66.7,75.4,46,0,0,21.9,10.6,1014.6
New York City,8/1/2023,80,67.7,73.9,45.8,0,0,20.8,9.5,1019.4
New York City,8/2/2023,79.8,64.5,72.2,44.6,0,0,21.9,8.5,1022.4
New York City,8/3/2023,79.3,66.9,73.1,53.7,0,0,27.8,16.2,1019.2
New York City,8/4/2023,76.3,71.4,73.7,69.8,0,0,21.3,10.8,1014.4
New York City,8/5/2023,85,71.7,77.7,60.2,0,0,12.8,10.8,1014.3
New York City,8/6/2023,86.1,70.2,77.9,51.6,0,0,18.3,14.7,1015.6
New York City,8/7/2023,80.7,69.5,75.3,82.2,0.975,100,32.2,17.1,1011.4
New York City,8/8/2023,79.6,70.6,74.7,71.9,0.007,100,32.8,19.5,1004.3
New York City,8/9/2023,86.6,69.9,77.8,48.7,0,0,29.3,14.5,1006.6
New York City,8/10/2023,80.4,70.7,74.4,72.3,0.357,100,24.2,8.9,1005.6
New York City,8/11/2023,84.5,67.7,76.2,63.8,0,0,27.1,13.2,1007.6
New York City,8/12/2023,85.1,70.2,77.3,65.8,0.03,100,24.2,12.3,1011.6
New York City,8/13/2023,86.5,70.1,79,66.4,0.67,100,50.6,13,1011.4
New York City,8/14/2023,86.2,73.7,79.3,57.5,0,0,13,7.9,1013.9
New York City,8/15/2023,79,70.6,74.6,82.5,0.826,100,24.2,10.5,1008.5
New York City,8/16/2023,80.5,69.8,74.8,79.9,0.802,100,14.1,9,1012.6
New York City,8/17/2023,78.7,73.2,75.2,81.1,0,0,21.9,9.9,1013.5
New York City,8/18/2023,80.7,68.4,75.5,65.7,0.885,100,35.6,13.6,1007.4
New York City,8/19/2023,79.2,63.6,71.6,50.4,0,0,24.2,11.8,1014.6
New York City,8/20/2023,84.9,66.7,76.5,48.7,0,0,18.3,10.1,1018.4
New York City,8/21/2023,86.9,73.3,80.4,57.4,0,0,21.9,10.7,1017
New York City,8/22/2023,79.5,67.6,74,51.7,0,0,23.8,14.5,1018.1
New York City,8/23/2023,78.9,65.6,71.6,49.9,0,0,17.2,9.3,1019.7
New York City,8/24/2023,73.6,67.2,70.7,75,0.077,100,24.2,10,1017.6
New York City,8/25/2023,78.7,70.6,73.7,88,0.303,100,24.8,13.4,1011.8
New York City,8/26/2023,83.7,73.6,78,73.9,0.427,100,19.7,7.5,1010
New York City,8/27/2023,82.9,70.2,76.3,62,0,0,20.8,8.8,1012.8
New York City,8/28/2023,75.2,71.4,73,75.6,0,0,17.4,10.5,1016.8
New York City,8/29/2023,78.6,68.4,73.6,77.3,0,0,14.1,7.8,1013.8
New York City,8/30/2023,83.7,71.3,76.5,68.5,0.227,100,28.7,15.4,1006.6
New York City,8/31/2023,76.3,65.2,70.2,51.8,0,0,29.9,14.9,1013.5
New York City,9/1/2023,75.1,61.2,68.1,49.7,0,0,19.5,10,1024.1
New York City,9/2/2023,78.8,62.2,70.2,59.9,0,0,20.8,8.8,1021.7
New York City,9/3/2023,88.6,68.9,78.7,58.7,0,0,22.1,13.8,1013.8
New York City,9/4/2023,87.1,74.8,81.3,63.5,0,0,20.8,7.3,1011.2
New York City,9/5/2023,90,76.1,83.6,63.8,0,0,20.8,7.2,1012.8
New York City,9/6/2023,93.2,77.6,85.2,59.8,0,0,18.3,6.3,1010.4
New York City,9/7/2023,93.5,79.5,85.3,56,0,0,25.3,7.9,1009.1
New York City,9/8/2023,88.8,73,77.6,77,0.06,100,39.1,13,1013.4
New York City,9/9/2023,83.8,72.3,76.8,82.8,0.014,100,16.3,11.7,1017.9
New York City,9/10/2023,76.1,70,73.8,84.9,0.86,100,17.7,7.6,1018.7
New York City,9/11/2023,81.1,71,74.2,86.7,1.52,100,25.3,7.8,1015.8
New York City,9/12/2023,82.6,68.6,74.2,76.3,0,0,14.8,7.6,1015.2
New York City,9/13/2023,79.2,72.2,75.2,76.5,0.122,100,18.6,8.2,1012.9
New York City,9/14/2023,77,65.5,71.1,55.7,0,0,24.2,11.3,1016.7
New York City,9/15/2023,69.1,57.8,63.7,58,0,0,29.8,16.6,1017.2
New York City,9/16/2023,75.4,60.6,67.6,49.4,0,0,27.7,14.3,1012.7
New York City,9/17/2023,76.3,59.7,68,59.2,0.158,100,15.2,6.5,1013.5
New York City,9/18/2023,68.5,63.1,66.2,90.7,1.047,100,21.9,15.4,1008.6
New York City,9/19/2023,72.7,59,65.9,63.6,0.008,100,27.7,12.8,1013.3
New York City,9/20/2023,73.5,58.7,66.7,53.4,0,0,21.9,12.8,1020.3
New York City,9/21/2023,71.9,58.4,65.1,58.8,0,0,20.8,8.7,1024.3
New York City,9/22/2023,70.2,59.3,65,67.8,0,0,24.2,15.8,1026.8
New York City,9/23/2023,63.3,57.8,60.3,83.7,0.873,100,30.9,18.1,1020.4
New York City,9/24/2023,65.4,61.9,64,89.1,1.017,100,31.6,17.4,1015.5
New York City,9/25/2023,64.8,58.4,61.9,86.3,0.566,100,36.9,18,1017.7
New York City,9/26/2023,61.1,57.2,59.4,81.6,0.196,100,32.2,14.7,1026.3
New York City,9/27/2023,64.3,51.6,58.9,63.2,0,0,25.3,15.2,1026.8
New York City,9/28/2023,64.5,56.1,59.5,79.9,0.124,100,18.8,12.7,1024.7
New York City,9/29/2023,62.6,60.2,61.6,86.7,4.441,100,31.1,15.4,1021.2
New York City,9/30/2023,65.9,57.6,61.5,84,0.049,100,22.4,9.9,1021.2
New York City,10/1/2023,76.9,59.6,67.9,69.2,0,0,25.3,10.4,1021.4
New York City,10/2/2023,77.3,63.8,69.7,67.4,0,0,19.7,7.5,1021.8
New York City,10/3/2023,81,61.5,70.4,67.4,0,0,8.9,4.2,1021.2
New York City,10/4/2023,82.2,65.8,72.7,70.1,0,0,9.2,7.9,1021.9
New York City,10/5/2023,76.6,62.9,68.9,73,0,0,18.3,8.1,1022.8
New York City,10/6/2023,71,66.9,69.2,90.4,0.116,100,18.3,6.1,1016.5
New York City,10/7/2023,70.1,54.6,64.5,84.1,0.368,100,26.4,14.3,1006.3
New York City,10/8/2023,59.2,50.7,55.4,61.5,0,0,27.3,18.1,1004.4
New York City,10/9/2023,60.1,48.9,54.8,54.2,0,0,26.4,12.9,1008.2
New York City,10/10/2023,63.2,53.4,58,64.5,0.02,100,23,10.3,1009.5
New York City,10/11/2023,69.7,55.3,61.9,59.5,0,0,18.3,10.8,1010.8
New York City,10/12/2023,69.6,54.1,62.2,60.7,0,0,12.1,8.3,1011.8
New York City,10/13/2023,62.9,52.2,58.1,54.5,0,0,24.2,9.1,1014.3
New York City,10/14/2023,56.8,49.5,53,76.5,0.717,100,17.4,10.2,1009.4
New York City,10/15/2023,59.9,50.6,54.8,64.8,0.018,100,26.4,13.6,999.9
New York City,10/16/2023,63.2,48.2,55.1,66.5,0,0,20.8,8.8,1003.3
New York City,10/17/2023,62.2,52.1,56.9,65.4,0,0,14.5,8,1012.5
New York City,10/18/2023,62.5,53.7,58.1,70.6,0,0,9.2,5,1020
New York City,10/19/2023,65,51.5,58.5,69.1,0,0,17.2,10.8,1019.6
New York City,10/20/2023,63.6,59.5,61.6,88.6,0.847,100,27.5,11.6,1007
New York City,10/21/2023,63.3,57.7,60.2,78.3,0.448,100,31.8,15.5,993.2
New York City,10/22/2023,57.1,49.5,54.3,55.9,0,0,33.4,17.1,1003.6
New York City,10/23/2023,60.5,47.7,53.1,55.9,0,0,25.9,14.6,1019.2
New York City,10/24/2023,64.9,47.9,55.9,62.8,0,0,13.2,8.1,1027.2
New York City,10/25/2023,72.2,53.2,62.4,54.9,0,0,21.9,11.4,1025.1
New York City,10/26/2023,78.5,58.2,67.9,51.9,0,0,11.9,7.5,1022.7
New York City,10/27/2023,74.2,62.9,68,59,0,0,19.7,9.9,1019.1
New York City,10/28/2023,80.3,65.4,71.9,60.8,0,0,23,9.9,1016.1
New York City,10/29/2023,66.1,51.5,55.8,77.5,0.447,100,22.1,13.4,1018.7
New York City,10/30/2023,60.5,50.8,55.4,84.3,0.474,100,25.6,15.5,1010
New York City,10/31/2023,51.3,45.9,49.2,55.6,0,0,21.9,11.6,1017.5
New York City,11/1/2023,48.8,40.7,45.5,56.7,0.007,100,28.4,17.6,1017.5
New York City,11/2/2023,49.1,36.1,42.7,52,0,0,17.7,9.4,1030.5
New York City,11/3/2023,55.9,41.7,48.3,51.1,0,0,23,10,1030.5
New York City,11/4/2023,60.9,47,53.2,53.4,0,0,14.5,8.4,1022.9
New York City,11/5/2023,64.4,50,56.3,51.7,0,0,16.8,8.6,1017.2
New York City,11/6/2023,55.6,45.2,50.7,59.9,0,0,15.4,8.9,1019.5
New York City,11/7/2023,64.1,54.4,58.6,68.9,0.049,100,30.3,13,1009.1
New York City,11/8/2023,54.4,43.4,47.8,43.4,0,0,25.3,13.4,1017.3
New York City,11/9/2023,57.6,43.2,50.8,60.8,0,0,13.2,9.2,1013
New York City,11/10/2023,53.1,46.2,50.8,53.2,0,0,19.7,10.6,1019
New York City,11/11/2023,54.6,43.5,48.1,54.8,0,0,23,12.2,1026.1
New York City,11/12/2023,44.9,36.8,40.8,54.1,0,0,15.4,9.7,1031.5
New York City,11/13/2023,48.4,35.6,42.7,53,0,0,18.3,8.1,1025.8
New York City,11/14/2023,53.2,43.4,47.5,52.6,0,0,31.7,14.9,1024.8
New York City,11/15/2023,53,39.7,46.7,58,0,0,21.9,10.8,1028.6
New York City,11/16/2023,64.9,45.3,54.6,52.6,0,0,17.2,8,1023.3
New York City,11/17/2023,66.8,51.4,59.4,64.2,0,0,20.8,12.2,1015.8
New York City,11/18/2023,61.8,42.4,53,58.1,0,0,27.7,16.4,1007.8
New York City,11/19/2023,55.6,40.3,47.4,46.5,0,0,26.4,16.5,1013.5
New York City,11/20/2023,45.4,37.5,41,42.2,0,0,23,10.3,1027.4
New York City,11/21/2023,47.5,34.2,41.4,64,0.424,100,29.6,17.9,1029.3
New York City,11/22/2023,54.3,47.9,51.7,81.2,1.892,100,35.2,22.4,1006.5
New York City,11/23/2023,52.8,44.9,49,56.1,0,0,28.9,14.7,1010.8
New York City,11/24/2023,51,33.7,45.3,46.1,0,0,37.1,14.8,1020.4
New York City,11/25/2023,39.9,31.3,35.8,47.9,0,0,15.9,8.5,1028.8
New York City,11/26/2023,53.5,35.5,44,70.7,0.238,100,31.4,11.8,1019.7
New York City,11/27/2023,55.1,37.7,46.6,65.1,0.111,100,31,16.1,1006.3
New York City,11/28/2023,40.2,33,35.4,42.5,0,0,33.6,17.1,1011.5
New York City,11/29/2023,37.3,27.2,32.7,43.9,0,0,23,15,1018.6
New York City,11/30/2023,50.7,34,43,42.4,0,0,21.5,9.6,1019.9
New York City,12/1/2023,49.1,42.1,45.5,70.3,0.405,100,15.2,9,1020
New York City,12/2/2023,58.5,46.9,51.2,82.5,0,0,19.7,8,1016
New York City,12/3/2023,52.5,48.8,50.4,87.7,0.606,100,23,15,1009.3
New York City,12/4/2023,52.4,43.3,48.3,63.8,0,0,26.4,13.4,1008
New York City,12/5/2023,43.2,38.7,41.3,53.7,0,0,21.9,8.9,1015.7
New York City,12/6/2023,41.3,35.3,38.1,53.6,0,0,26.9,18.2,1015.5
New York City,12/7/2023,39.1,32.3,36,59.9,0,0,20.8,11.2,1016.7
New York City,12/8/2023,50.3,38.6,44.4,60.6,0,0,11.4,10.9,1021.1
New York City,12/9/2023,57.6,42.5,49.7,75.5,0,0,10.5,4.9,1021.9
New York City,12/10/2023,61.1,49.4,56.1,86,0.895,100,48.1,11.2,1011.7
New York City,12/11/2023,50,38.5,42.5,67.4,0.588,100,37.9,29.5,1010.1
New York City,12/12/2023,44.2,35.6,40.2,48.1,0,0,25.3,12.8,1027.7
New York City,12/13/2023,47.3,37.3,41.6,45.8,0,0,27.8,14.6,1031.1
New York City,12/14/2023,40.6,33.5,37.3,44.1,0,0,19.7,12.4,1036
New York City,12/15/2023,58.3,37.5,46.8,41.3,0,0,20.8,10,1027.9
New York City,12/16/2023,53.9,47.4,49.6,52.1,0,0,16.1,10.3,1031
New York City,12/17/2023,57.8,47.3,50.9,83.8,0.141,100,27.9,10.6,1022.1
New York City,12/18/2023,62.4,43.3,54.3,77.5,2.116,100,39.3,22.3,992.2
New York City,12/19/2023,43.4,33.4,38.9,55.1,0,0,26.3,16,1014.3
New York City,12/20/2023,45.2,30.7,36.9,50.2,0,0,23,13.9,1027.4
New York City,12/21/2023,42.2,30.7,37.2,49.5,0,0,23,11.5,1029.5
New York City,12/22/2023,37.5,25.5,32,43.3,0,0,13,9.1,1031.5
New York City,12/23/2023,43.4,33.2,38.4,56.4,0,0,8.9,6.7,1031.7
New York City,12/24/2023,47.9,40.4,44.4,77.4,0.019,100,8.5,4.4,1029.5
New York City,12/25/2023,48.6,43,46,85,0,0,8.7,6.3,1029.9
New York City,12/26/2023,49.9,44,46.3,85.7,0,0,6.3,4.7,1025.9
New York City,12/27/2023,48.6,44.5,46.3,88.3,0.205,100,18.6,11.3,1017.9
New York City,12/28/2023,54.4,48.8,50.8,90.8,1.37,100,33.3,16.7,1005.5
New York City,12/29/2023,55.3,47.2,49.9,78.1,0.037,100,21.9,14.5,1004.4
New York City,12/30/2023,46.9,39.3,43.3,61.5,0,0,29.9,12.3,1004.3
New York City,12/31/2023,43.3,39.5,41.9,50.8,0,0,23,10,1014.1
New York City,1/1/2024,46.2,37.3,42.2,61.6,0.02,100,20.8,8.7,1016.6
New York City,1/2/2024,42.8,29.5,36.4,54.4,0,0,19.7,8.4,1017.8
New York City,1/3/2024,43.4,34.2,38.7,57.1,0,0,14.1,9.1,1016.1
New York City,1/4/2024,44.5,29.4,38.8,51.1,0,0,31.6,23.6,1015.8
New York City,1/5/2024,37.8,26.7,32,47.7,0,0,30.3,15.9,1024.3
New York City,1/6/2024,37.4,31.5,34.3,67.3,0.39,100,34.8,20,1017.7
New York City,1/7/2024,38.1,35,36.8,82.5,0.215,100,33.8,17.1,1005.1
New York City,1/8/2024,44.7,36.4,39.9,52.8,0,0,31.6,13.8,1025.7
New York City,1/9/2024,56.5,36.4,43.7,74.2,1.409,100,47.4,31.9,1017.6
New York City,1/10/2024,57.1,45.2,50.3,58.6,0.547,100,39.6,27,992.3
New York City,1/11/2024,46.4,41.4,44.3,48.1,0,0,28.8,14.1,1010.2
New York City,1/12/2024,49.7,40.5,44.7,57.2,0.009,100,32.2,13.5,1018.1
New York City,1/13/2024,60,37.1,49.3,66.2,0.951,100,40.4,25.5,995.4
New York City,1/14/2024,43.2,28.1,35,41.6,0,0,40.9,24.2,1012
New York City,1/15/2024,29.2,24.2,26.8,41.7,0.02,100,21.9,9.4,1023
New York City,1/16/2024,30.8,23.3,27.6,78.9,0.294,100,35.6,14.6,1011.7
New York City,1/17/2024,24.5,17.5,21.6,46.5,0,0,29.8,16.3,1015.2
New York City,1/18/2024,33.2,21.6,27.8,42.3,0,0,25.1,13.1,1020
New York City,1/19/2024,32.3,26.6,29.6,63.8,0.038,100,34.4,12.9,1010.8
New York City,1/20/2024,26.4,18.2,21.7,50,0,0,32.7,17.1,1014.7
New York City,1/21/2024,31.2,20.6,25.2,46.6,0,0,32.3,17.5,1026.2
New York City,1/22/2024,37.3,24.8,30.8,47.4,0,0,22.3,12.8,1033
New York City,1/23/2024,39.8,34.4,37.6,58.6,0.036,100,21,10.4,1032
New York City,1/24/2024,46,38.1,41.7,83.1,0.062,100,11,8.4,1030.8
New York City,1/25/2024,57.4,45.1,52.5,86.7,0.244,100,21.9,7.9,1020.6
New York City,1/26/2024,45.7,41.8,43.4,88.9,0.2,100,39.1,11.4,1018.1
New York City,1/27/2024,47.3,43.2,44.8,77.7,0,0,36.7,9,1021.8
New York City,1/28/2024,43.2,37.5,39.7,86.9,0.753,100,42.6,22.9,1010.2
New York City,1/29/2024,39.8,36.2,37.9,73.6,0.067,100,31.4,17.2,1010.4
New York City,1/30/2024,37.7,35.1,36.3,63.7,0.002,100,23,10,1021.9
New York City,1/31/2024,39.1,34.4,37.3,71.8,0,0,17.2,9.1,1019.9
New York City,2/1/2024,46.1,36.3,41.9,66.7,0,0,17.2,9.9,1015.3
New York City,2/2/2024,45.9,39.1,42.2,74.9,0.255,100,24.5,12.2,1012
New York City,2/3/2024,43.4,32.7,37.7,51.8,0,0,26.4,14,1017
New York City,2/4/2024,46.2,30.7,37.8,48.3,0,0,20.8,11.3,1015.3
New York City,2/5/2024,44.7,31.9,37.3,40.9,0,0,30.8,17,1014
New York City,2/6/2024,41.8,28.7,35,43.4,0,0,17.2,12.3,1021.3
New York City,2/7/2024,47.7,32.8,40,47,0,0,17.2,8.6,1025.2
New York City,2/8/2024,52,36.2,43.9,49.4,0,0,10.1,6.8,1025.3
New York City,2/9/2024,53.3,42.7,46.6,66.3,0,0,23,9.5,1019
New York City,2/10/2024,59.2,44.9,52.5,62.5,0,0,14.1,10,1010.8
New York City,2/11/2024,55.1,44,47.6,56,0,0,24.2,11.2,1012.5
New York City,2/12/2024,47,37.3,42.2,57.8,0,0,10.3,8.8,1011.9
New York City,2/13/2024,40.3,33.2,36.8,71.6,0.689,100,30.1,17.4,1003.1
New York City,2/14/2024,38.2,29.5,33.4,41.6,0,0,36,21.9,1015.7
New York City,2/15/2024,38.6,27.2,33.1,48.5,0,0,26.7,12.9,1017.8
New York City,2/16/2024,42.6,36.2,38.9,39.3,0,0,36.2,18.9,1010.9
New York City,2/17/2024,36.4,28.3,32.3,65.4,0.214,100,29.3,17.6,1009.3
New York City,2/18/2024,40.3,25.6,33,43.5,0,0,33.3,17,1011.4
New York City,2/19/2024,40.2,32.3,36.4,36.6,0,0,29.6,20.1,1020.4
New York City,2/20/2024,38.4,25.9,32.2,38.7,0,0,23,9.3,1031.4
New York City,2/21/2024,41.4,30.1,35.3,58.3,0,0,17.2,8.6,1030
New York City,2/22/2024,44.3,34.9,39.4,67.2,0.023,100,21.9,12.5,1015.6
New York City,2/23/2024,47,41.6,44.5,79,0.065,100,11.6,6.2,999.4
New York City,2/24/2024,44.1,30.3,40,46.5,0,0,30.6,14.9,1005.2
New York City,2/25/2024,39.6,23.3,31.6,40.9,0,0,25.3,13.2,1019.5
New York City,2/26/2024,54,35.3,43.3,57,0.01,100,21.9,9.4,1017.2
New York City,2/27/2024,53.8,39.8,47.3,77.7,0.438,100,33.8,10.4,1015
New York City,2/28/2024,60.5,47.6,54.3,82.8,0.211,100,50.2,27.5,1005
New York City,2/29/2024,44.4,32,37.1,35.8,0,0,43.7,22.2,1022.9
New York City,3/1/2024,46.1,30.1,37.7,45.9,0,0,23,16,1035
New York City,3/2/2024,54.5,42.2,46.7,82.8,1.247,100,28.3,12.2,1025.5
New York City,3/3/2024,66.4,47.9,56.5,57.5,0.003,100,21.9,8.9,1021
New York City,3/4/2024,57.5,45.9,51.5,72,0,0,21.1,10.8,1027.5
New York City,3/5/2024,48.1,42.5,44.6,87.7,0.407,100,32.5,20.5,1020.9
New York City,3/6/2024,51.7,46.5,48.7,86.5,1.121,100,32.2,15.2,1015.1
New York City,3/7/2024,54.1,45.9,50.5,73.8,0.135,100,30.8,15.5,1011.8
New York City,3/8/2024,55.4,40.3,46.5,52.4,0,0,21.9,11.7,1024.8
New York City,3/9/2024,47.7,41.9,43.7,77.5,1.392,100,39.1,19.4,1017.1
New York City,3/10/2024,49.7,38.4,44.8,66.9,0.118,100,46.1,23.8,996.4
New York City,3/11/2024,52.2,35.6,43.7,37,0,0,48.2,28,1004
New York City,3/12/2024,65.9,44.2,54.3,29.7,0,0,33.3,16.9,1009.6
New York City,3/13/2024,61.4,48.9,54.5,43.2,0,0,21.9,11.7,1012.6
New York City,3/14/2024,72.8,45.3,56.4,56.1,0,0,20.8,9,1015.4
New York City,3/15/2024,70.7,52.9,61.1,51.3,0,0,30.8,16.3,1006.9
New York City,3/16/2024,60.1,47,53,52.6,0,0,24.8,11,1009
New York City,3/17/2024,62,50.9,55.4,43.9,0,0,33.6,21.6,1002.2
New York City,3/18/2024,50.2,40.3,45.9,37.1,0,0,29.7,16.5,1005.9
New York City,3/19/2024,47.4,35.8,40.7,42.4,0,0,34.3,18.3,1007.2
New York City,3/20/2024,55.7,37.3,45.2,51.3,0.016,100,37.6,17.9,1004.9
New York City,3/21/2024,42.2,30.1,35.8,31.4,0,0,35.6,22,1018.5
New York City,3/22/2024,43.5,29.2,35.9,41.6,0,0,26.4,13.8,1027.4
New York City,3/23/2024,48,38.1,42.7,82.1,3.204,100,39.1,17.6,1012.1
New York City,3/24/2024,47.3,31.3,38.7,39.9,0,0,35.9,18.8,1022.8
New York City,3/25/2024,51.2,34.9,42.6,43.8,0,0,32.9,21.6,1029.9
New York City,3/26/2024,52.2,38.9,45.3,54,0,0,25.4,13.5,1022.9
New York City,3/27/2024,51.5,41.8,46.4,75.1,0.021,100,19.7,9.6,1019.2
New York City,3/28/2024,50.1,45.6,48.4,85.2,0.69,100,23,13.2,1014
New York City,3/29/2024,55.3,42.2,47,37.9,0,0,40,29.8,1007.4
New York City,3/30/2024,61.5,41.3,49.9,40.2,0.012,100,28.4,16.5,1008.1
New York City,3/31/2024,61,47.9,54,49.7,0.039,100,32.2,15.2,1010.9
New York City,4/1/2024,54,49.3,51.7,53.9,0.015,100,28.9,10,1014.3
New York City,4/2/2024,51,45,47.3,81.4,0.874,100,23,11.9,1013.3
New York City,4/3/2024,45,41.3,42.9,86.7,1.513,100,44.5,23,1004.6
New York City,4/4/2024,50.8,37.5,43.1,69.3,0.236,100,49.3,26.2,995.4
New York City,4/5/2024,49.2,39.3,44.1,54.1,0,0,33.3,15.9,1003.1
New York City,4/6/2024,53,42,47.1,49.2,0,0,32.1,17.4,1008.9
New York City,4/7/2024,58.7,43.3,50.1,45.6,0,0,27.1,14.3,1017
New York City,4/8/2024,65.8,43.2,54.5,40.1,0,0,11.6,8.5,1020.3
New York City,4/9/2024,77.1,54.2,64,38.3,0,0,24.2,12.1,1016.7
New York City,4/10/2024,63.6,51.8,56.6,64.4,0,0,26.4,10.3,1016.7
New York City,4/11/2024,60.5,50.5,55.1,84.6,0.204,100,38.1,15,1013.4
New York City,4/12/2024,63.2,56.9,59.7,74.5,0.329,100,37.3,22.9,997.3
New York City,4/13/2024,57.5,48.6,52.4,51.9,0.007,100,43.1,21.9,1003.4
New York City,4/14/2024,72.3,48.9,59.6,42.6,0.084,100,36.8,18.3,1009.9
New York City,4/15/2024,80.2,60.1,69.2,48.4,0,0,30.5,14.7,1008.8
New York City,4/16/2024,72.7,54.2,62.5,33.4,0,0,27.6,14.1,1019.1
New York City,4/17/2024,60.2,50.1,54.7,59.9,0.026,100,23,11.9,1020.2
New York City,4/18/2024,49.9,46.6,47.6,81.4,0.016,100,31,17.7,1018.5
New York City,4/19/2024,56.5,45.9,50.4,68.4,0,0,20.4,8.8,1020.1
New York City,4/20/2024,69.6,49.7,56.9,61,0.056,100,30.9,18.8,1013.7
New York City,4/21/2024,52.8,42.7,48.1,39,0,0,31.3,15.9,1015.8
New York City,4/22/2024,62.1,42.8,51.5,36.5,0,0,29.9,12.2,1017.5
New York City,4/23/2024,62.3,45.7,53.2,41.6,0,0,32.9,20.2,1019.4
New York City,4/24/2024,71.6,51,58.9,45.8,0,0,34.4,15.8,1012.3
New York City,4/25/2024,57,42.9,48.8,41.6,0,0,25.3,13.5,1025.5
New York City,4/26/2024,60.6,42.6,50.6,49,0,0,19.7,12,1030.9
New York City,4/27/2024,60,45.9,52.4,45.5,0.003,100,32,17.9,1031.7
New York City,4/28/2024,77.5,51.8,62.5,62.9,0.007,100,18.8,10.1,1021
New York City,4/29/2024,85.4,63.5,71.8,67.9,0.023,100,22,13.9,1015.2
New York City,4/30/2024,63.4,52.1,58,77.7,0.015,100,32.2,13.4,1013.4
New York City,5/1/2024,76.6,52.7,61.1,72.8,0.024,100,23.3,14.7,1013.1
New York City,5/2/2024,78.5,52.8,63.8,69.5,0,0,31.1,9.6,1014.1
New York City,5/3/2024,65.7,52.5,58,66,0,0,28.7,10.9,1021
New York City,5/4/2024,61.1,50.3,54.6,66.6,0,0,20.8,10,1025.7
New York City,5/5/2024,53.2,49.8,51.3,84,0.279,100,20.8,13.5,1024.1
New York City,5/6/2024,73.4,53,62.1,82.8,0.027,100,8.7,6.8,1015.1
New York City,5/7/2024,80.2,60.5,69.5,51.1,0,0,20.8,12,1008.1
New York City,5/8/2024,84.4,65.7,74.4,59.7,0.239,100,32.6,18.8,1002.2
New York City,5/9/2024,73.4,61.4,65.8,49.6,0,0,29,10,1006.2
New York City,5/10/2024,59.6,49.3,52.1,78.7,0.249,100,27.7,17,1008.3
New York City,5/11/2024,62.3,47.4,53.5,66.1,0,0,21.9,13.4,1010.6
New York City,5/12/2024,55.5,48.5,51.3,76.1,0.155,100,18.3,7.4,1012.8
New York City,5/13/2024,64.4,49.1,56.1,74.3,0,0,19.9,9.6,1017.3
New York City,5/14/2024,72.3,55.7,63.6,70.6,0.023,100,21.7,9.4,1015.4
New York City,5/15/2024,64,59.2,60.6,88.7,0.228,100,31.7,17.3,1009.9
New York City,5/16/2024,64.6,59.1,61.7,83.7,0.19,100,30.1,18.1,1006.2
New York City,5/17/2024,71.2,58.9,64.9,65.2,0.003,100,24.2,13.1,1013.5
New York City,5/18/2024,69.5,59.6,63.2,71,0.042,100,12.5,8.1,1014.8
New York City,5/19/2024,74,57.1,64.7,71.3,0,0,23,10.1,1015.4
New York City,5/20/2024,73,56.4,63.3,72,0,0,17.2,7.4,1016.8
New York City,5/21/2024,82.3,58.1,69.8,68.1,0,0,20.8,9.8,1015
New York City,5/22/2024,83.3,66.7,75,59.5,0,0,27.7,12.4,1013.6
New York City,5/23/2024,78.7,68.8,73.8,68,0.606,100,31.1,11.8,1011.1
New York City,5/24/2024,84.1,68.8,76.7,47.4,0,0,27.1,10.8,1010
New York City,5/25/2024,79,66.3,72,46.7,0,0,23,7.1,1011.2
New York City,5/26/2024,81.2,66.3,71.9,74.2,0,0,23,11.4,1012.3
New York City,5/27/2024,74.2,66.1,68.7,90.3,0.631,100,34.1,16,1009.9
New York City,5/28/2024,79.9,67.2,72.4,62.7,0,0,32.1,16.7,1006.7
New York City,5/29/2024,75.6,61.1,67.9,60.6,0.425,100,44.8,9.8,1012.2
New York City,5/30/2024,70.5,58.3,64.4,62.3,0.199,100,24.8,10.4,1014.3
New York City,5/31/2024,75,59.6,68.1,40.6,0,0,33.3,13.3,1019.6
New York City,6/1/2024,83.2,61.4,72.8,35,0,0,23,9,1020.2
New York City,6/2/2024,81.3,67.4,74.4,45.2,0,0,23,14.8,1016.7
New York City,6/3/2024,85.9,72.4,78.2,49,0,0,12.8,8.3,1012.7
New York City,6/4/2024,79.6,67,72.7,67.7,0,0,27.7,11.4,1015.5
New York City,6/5/2024,77.8,65.4,71.6,81.6,0,0,25.3,14.5,1012.6
New York City,6/6/2024,81.4,69.5,74.3,87.3,0.633,100,33.3,11.6,1001.4
New York City,6/7/2024,82.6,67.3,74.1,61.8,0,0,31.6,18.5,1002.1
New York City,6/8/2024,77.4,63.6,71.4,49.9,0,0,32.8,18.5,1007.4
New York City,6/9/2024,74.9,68.3,71.6,52.3,0,0,30.4,20.8,1003
New York City,6/10/2024,74.2,62.4,68.5,51.9,0,0,24.4,13.5,1004.4
New York City,6/11/2024,72.6,60.7,67.3,60.3,0,0,17.2,8.2,1012.5
New York City,6/12/2024,76,62.6,69.5,60,0,0,18.3,8.5,1016.2
New York City,6/13/2024,83.5,65.1,74.4,60.2,0,0,29.8,10.2,1015.4
New York City,6/14/2024,85.1,66.9,74.8,70.5,0.249,100,33.4,13.2,1011.7
New York City,6/15/2024,80.9,66.2,73.3,56.1,0,0,31.1,12.5,1014.9
New York City,6/16/2024,75.3,63,69,55.5,0,0,19.7,10.8,1022.9
New York City,6/17/2024,84.2,65.5,74.8,68.8,0,0,28.6,14.5,1021.7
New York City,6/18/2024,86.1,71.9,78.8,64.7,0,0,26.4,15.5,1023.2
New York City,6/19/2024,87.3,72.4,78.9,60.1,0,0,27.7,16.9,1026.4
New York City,6/20/2024,91.4,73.1,81.6,55.2,0,0,21.9,12.8,1024.9
New York City,6/21/2024,94.5,77.3,84.5,54.5,0,0,31.1,12.4,1020.4
New York City,6/22/2024,92.2,76.3,81.3,68,0.108,100,26,11.9,1015.7
New York City,6/23/2024,93.2,73.1,83,64.6,0.009,100,35.2,20.1,1006.5
New York City,6/24/2024,79.8,73.7,77.5,53,0,0,44.5,28.5,1003.7
New York City,6/25/2024,90.2,69.4,80.2,37.4,0,0,29.8,17.2,1011.3
New York City,6/26/2024,92.3,72.7,82,52.1,0.129,100,49.4,15.2,1007.2
New York City,6/27/2024,84.5,68.6,75.3,61.3,0.256,100,33.3,15.6,1008
New York City,6/28/2024,78.6,64.8,70.1,39.6,0,0,23,12.2,1019.8
New York City,6/29/2024,79.4,66.3,73.1,70.9,0.052,100,36.2,18.1,1020.5
New York City,6/30/2024,84.5,73.1,77.3,83.7,0.17,100,30.4,19.7,1012.8
New York City,7/1/2024,80.1,64.5,73,52.2,0,0,31.2,17.9,1016.2
New York City,7/2/2024,84.1,66.5,75.1,42.3,0,0,27.7,8.7,1023
New York City,7/3/2024,82.1,68.7,75.3,46.1,0,0,27.9,15.6,1021.5
New York City,7/4/2024,86.1,70.7,77.3,63.2,0.004,100,23.6,13,1014
New York City,7/5/2024,89.8,74.4,79.7,79.2,0.139,100,24.2,12.8,1009.2
New York City,7/6/2024,90.3,73.4,81,77.1,0.068,100,21.9,14.8,1010.2
New York City,7/7/2024,91.5,78.6,84.3,59,0,0,24.2,9,1014.4
New York City,7/8/2024,91.8,76.3,83.2,66.3,0,0,18.3,12.2,1016.2
New York City,7/9/2024,88.2,75.1,82.4,72.4,0,0,24.2,9.8,1014.2
New York City,7/10/2024,90,78.3,83.3,69.4,0.002,100,35.9,21.7,1010.7
New York City,7/11/2024,89.3,75.6,81.6,63.1,0.08,100,26.4,16.2,1012.7
New York City,7/12/2024,84.3,73.8,79.2,69.8,0.116,100,24.2,12.2,1020.5
New York City,7/13/2024,86.9,72.9,78.8,76.8,1.775,100,17,10.8,1020.1
New York City,7/14/2024,88.7,75.6,81.7,65.3,0.041,100,21.9,9.6,1016.1
New York City,7/15/2024,91.5,74.4,83.6,66.9,0.125,100,26.4,12.4,1011
New York City,7/16/2024,93.4,79.1,87.1,54,0,0,40.2,18.2,1008.5
New York City,7/17/2024,89,73.8,82.3,66.1,0.817,100,47.2,13.5,1009.7
New York City,7/18/2024,84.6,72.8,78.5,65.4,0.055,100,27.7,13.4,1011.9
New York City,7/19/2024,83.5,67.5,76.1,47.6,0,0,18.6,10.1,1018.5
New York City,7/20/2024,83.7,71,77.4,58.5,0,0,24.2,14.5,1018.7
New York City,7/21/2024,86.6,74.2,79.6,61.2,0.002,100,14.5,11,1016.4
New York City,7/22/2024,83,75,78.2,71.3,0.004,100,22.9,14.8,1017.4
New York City,7/23/2024,80,71,74.7,83.5,0.155,100,24.2,10.7,1016.5
New York City,7/24/2024,80.7,73.7,76.1,81.6,0,0,23,9.1,1019.2
New York City,7/25/2024,82.9,75.3,78.6,64.3,0,0,25.3,15,1017.2
New York City,7/26/2024,83.1,67.5,76,44.8,0,0,31.1,15.6,1018.6
New York City,7/27/2024,85.9,70,77.8,47.9,0,0,12.5,8.1,1019.8
New York City,7/28/2024,86.1,71,77.7,50.7,0,0,21.9,9.4,1019.2
New York City,7/29/2024,82.8,69.1,77,71.1,0.045,100,20.8,10.9,1014.8
New York City,7/30/2024,87.5,74.7,79.7,71.4,0,0,31.7,16.1,1013.7
New York City,7/31/2024,89.4,75.7,81.4,69.9,0.043,100,32.2,15.6,1011.9
New York City,8/1/2024,94.3,76.1,84.6,59.1,0,0,23,12.8,1013.2
New York City,8/2/2024,92.7,75.9,84,67.6,0.512,100,44.7,16,1011.4
New York City,8/3/2024,90.4,74,80.5,75.6,0.721,100,37.7,12.8,1009.8
New York City,8/4/2024,82.9,72.1,75.8,84,0.178,100,33.3,12.4,1012.7
New York City,8/5/2024,89.2,74.3,81.4,64.7,0,0,18.3,12.8,1015.4
New York City,8/6/2024,88.6,72.2,80.4,75.2,1.476,100,24.8,16,1013.2
New York City,8/7/2024,72.6,65.2,68.2,89.7,0.208,100,27.7,13.2,1014.9
New York City,8/8/2024,69.8,66,67.9,88.8,0.372,100,25.3,11.4,1018.3
New York City,8/9/2024,81.3,70.3,77,88.1,0.127,100,42,18.7,1012
New York City,8/10/2024,85.3,74.4,79.5,60.1,0.007,100,24.6,11.8,1012.4
New York City,8/11/2024,81,70.5,75.6,51.3,0,0,23,8.6,1015.1
New York City,8/12/2024,79.9,66.9,73.4,52.8,0.003,100,24.2,10.9,1014.9
New York City,8/13/2024,80.9,65.5,73.3,52.9,0,0,20.8,11.4,1016.1
New York City,8/14/2024,83.9,68.5,76.5,55,0,0,25.3,10.5,1017.1
New York City,8/15/2024,85.6,69,78.2,51.2,0,0,18.3,5.8,1017.1
New York City,8/16/2024,86.4,71.9,77.8,62.8,0,0,27.7,7.6,1016.7
New York City,8/17/2024,78.9,68.6,74.2,76.4,0.05,100,25.3,12.8,1015.5
New York City,8/18/2024,81,69.7,74.4,85,1.175,100,35.7,17.3,1010.4
New York City,8/19/2024,85.8,69.5,75.4,75.1,0.297,100,31.1,16.6,1005.5
New York City,8/20/2024,71.7,62.4,67.3,52.9,0,0,32.2,18.3,1011.6
New York City,8/21/2024,72.4,58.1,65.3,53.8,0,0,29.8,12.4,1016.9
New York City,8/22/2024,75.6,59.2,68.2,53.1,0,0,20.8,15,1021
New York City,8/23/2024,81,63,72.1,50.9,0,0,18.3,8.6,1024.6
New York City,8/24/2024,83,66.8,74.8,51.4,0,0,19.7,8.1,1023.9
New York City,8/25/2024,84.6,69.3,76.3,56.7,0,0,23,11,1022.7
New York City,8/26/2024,85.1,70.6,76.3,63.2,0.088,100,40.3,10.8,1020.2
New York City,8/27/2024,84.5,67.7,75.8,65.9,0,0,21.9,13,1018.6
New York City,8/28/2024,91.6,74.3,81.9,61.6,0.005,100,35.6,10.7,1014.5
New York City,8/29/2024,82.1,71.7,75.3,65.3,0.013,100,26.4,12.2,1021.8
New York City,8/30/2024,73.4,63.2,69.3,70.2,0.307,100,29.8,11.9,1024.5
New York City,8/31/2024,77.3,68.4,72.4,75,0,0,17.2,7.8,1018.7
New York City,9/1/2024,81.9,73.3,76.7,75.6,0,0,20.8,7.4,1012
New York City,9/2/2024,78.8,66.1,72.6,50.3,0,0,29.8,16.3,1015.6
New York City,9/3/2024,72.9,58.5,66,44.5,0,0,23,11.3,1026
New York City,9/4/2024,76.3,59.6,67.9,50.1,0,0,20.8,7.2,1029.9
New York City,9/5/2024,76.1,61,68.6,59.3,0,0,18.3,11.3,1027.8
New York City,9/6/2024,76.9,64.1,69.7,71.5,0,0,20.8,10.1,1019.3
New York City,9/7/2024,74.5,60.9,68.1,78.3,0.227,100,29.8,18.2,1011.2
New York City,9/8/2024,69.1,56.1,62.8,54.3,0,0,27.4,10.3,1015
New York City,9/9/2024,75.4,56.3,66.5,45.5,0,0,29.9,10.6,1018.4
New York City,9/10/2024,77.9,63.1,70.6,47.2,0,0,21.9,10.5,1018.3
New York City,9/11/2024,78.8,59.9,68.7,48.2,0,0,12.8,6.5,1022.2
New York City,9/12/2024,79.6,63.1,69.6,68.3,0,0,18.3,9.6,1023.9
New York City,9/13/2024,81.2,63.3,71.3,65.8,0,0,12.3,6,1023.9
New York City,9/14/2024,82.9,66.2,73.5,66.5,0,0,10.5,11.9,1023.9
New York City,9/15/2024,78.5,65.9,71.6,63.9,0,0,19.7,11,1026.9
New York City,9/16/2024,76,61.2,67.6,63.9,0,0,23,11.4,1026.3
New York City,9/17/2024,78.2,65.7,70.6,68.8,0,0,23,9.7,1022.9
New York City,9/18/2024,74.6,66.8,70.4,71.9,0,0,31.1,12.6,1018
New York City,9/19/2024,84.3,68,75.2,55.5,0,0,31.1,9.8,1012.2
New York City,9/20/2024,80.3,68.4,73.2,62.5,0,0,24.2,12.9,1013.5
New York City,9/21/2024,78.1,63.8,69.6,60.9,0,0,20.8,11.9,1015.4
New York City,9/22/2024,73.3,61.8,66.9,60,0,0,20.1,11.4,1016.3
New York City,9/23/2024,66.3,60.2,63.7,63.8,0.031,100,24.2,13.4,1018
New York City,9/24/2024,68.2,60.2,63.7,65,0,0,21.9,12.1,1020.1
New York City,9/25/2024,68,62.4,64.7,68.4,0,0,23,14.7,1021
New York City,9/26/2024,74.7,64.6,69.9,85.3,0.062,100,17.2,6,1018
New York City,9/27/2024,73.3,64.6,69.3,77.5,0.119,100,17.2,11.1,1016
New York City,9/28/2024,68,61.4,64.6,86.2,0.239,100,25.3,13.4,1014.3
New York City,9/29/2024,62.5,60.9,61.9,88.5,0.536,100,21.9,10.4,1016.3
New York City,9/30/2024,70.6,60.5,64.9,72.8,0,0,20.5,11.8,1017.1
New York City,10/1/2024,67.9,60.9,64.3,72.3,0,0,29.8,12.6,1017.5
New York City,10/2/2024,67.9,58,62.8,69,0,0,27.7,9.6,1016.1
New York City,10/3/2024,71.5,62.7,65.7,65.6,0,0,13.6,5.3,1019.8
New York City,10/4/2024,72.8,60.4,66.2,71.1,0,0,14.1,8.9,1022.2
New York City,10/5/2024,74.5,62.5,67.7,57.5,0,0,24.2,16.9,1020.5
New York City,10/6/2024,70.5,55.8,63.2,61,0,0,21.9,9.8,1018.5
New York City,10/7/2024,75.2,60.5,67.2,57.2,0.003,100,26.4,17.2,1010.4
New York City,10/8/2024,67.8,53.9,61.2,49.1,0,0,24.2,13.9,1012.5
New York City,10/9/2024,68.4,56,61.7,42.9,0,0,28.1,14.9,1012.6
New York City,10/10/2024,61.8,49.1,55.1,49.4,0,0,30.1,15.9,1017.1
New York City,10/11/2024,68.9,47.3,57.9,47.8,0,0,23,11.4,1017.4
New York City,10/12/2024,74.5,58.9,65.4,37.8,0,0,27.6,15,1013
New York City,10/13/2024,68.7,56.8,62.1,56.8,0,0,25.3,9.6,1010.5
New York City,10/14/2024,66.6,49.1,56.9,62.9,0,0,37.4,21.9,1004.7
New York City,10/15/2024,57.3,45.2,50.9,51.8,0,0,32.2,16.3,1011.6
New York City,10/16/2024,58.1,44.1,51.1,49.6,0,0,31.1,14.3,1016.7
New York City,10/17/2024,58.6,43.5,51.5,47.8,0,0,22.2,13.4,1023.3
New York City,10/18/2024,66.8,48.6,57.3,40.1,0,0,20.8,10.4,1029.2
New York City,10/19/2024,70.6,50.9,59.5,46.7,0,0,12.1,5.7,1032.1
New York City,10/20/2024,73.6,51.5,62,45.5,0,0,11.2,4.9,1026.1
New York City,10/21/2024,79.7,55.9,67.4,36.3,0,0,19.7,7.1,1022
New York City,10/22/2024,79.8,62.7,70.3,47.2,0,0,17.2,8,1023.2
New York City,10/23/2024,74.8,59.2,66.9,59.5,0,0,25.3,13.5,1017.4
New York City,10/24/2024,68.7,56.4,64,49.4,0,0,31.1,16.6,1013.4
New York City,10/25/2024,63.4,47.6,55.3,47.9,0,0,20.8,9.9,1019.1
New York City,10/26/2024,63.7,54.4,58.8,38.4,0,0,31.8,18.8,1019.5
New York City,10/27/2024,57.6,45.5,51.5,41.5,0,0,24.2,11.8,1028
New York City,10/28/2024,60.3,47.1,53.2,44,0,0,16.1,8.2,1029.8
New York City,10/29/2024,62.9,52,58,71.7,0.007,100,27.8,12.5,1030.5
New York City,10/30/2024,76.3,57.8,66,65.1,0,0,13.4,9.4,1025.7
New York City,10/31/2024,81.3,60.9,70.9,56.4,0,0,25.3,11.8,1019.1
New York City,11/1/2024,79.2,60.7,71.5,46.3,0,0,31,15.2,1014.4
New York City,11/2/2024,59.9,49.5,55.5,43.6,0,0,25.8,14.3,1025.1
New York City,11/3/2024,54.2,40.8,47.6,41.7,0,0,19,11.5,1031.1
New York City,11/4/2024,56.7,45,51.8,59.6,0,0,21.9,9.5,1031.1
New York City,11/5/2024,73.1,55,63.2,69.7,0,0,25.3,15,1022.5
New York City,11/6/2024,80.4,65.2,72.1,58,0,0,29.8,15.2,1016.4
New York City,11/7/2024,73,56.1,67.6,51.5,0,0,31.1,12,1017.3
New York City,11/8/2024,68.9,50.8,59,42,0,0,42.7,23.7,1014.7
New York City,11/9/2024,55.3,43.7,49.9,31.4,0,0,34.1,20.7,1025.5
New York City,11/10/2024,57.8,45.1,52.5,46.6,0.043,100,21.9,10.8,1023.1
New York City,11/11/2024,67.9,55,61.3,64.2,0.138,100,31.6,16.3,1007.1
New York City,11/12/2024,58.6,42.5,50.6,44.2,0,0,40,24.5,1016.7
New York City,11/13/2024,49.5,36.9,42.9,38.6,0,0,26.5,14.3,1030.9
New York City,11/14/2024,46.3,37.3,42.7,47.9,0,0,23,10.9,1024.8
New York City,11/15/2024,58.6,41.7,49.5,37,0,0,29.9,14.1,1012
New York City,11/16/2024,62.6,46.3,53.3,35.6,0,0,33.3,19.8,1011.4
New York City,11/17/2024,62.9,45.4,53.9,35.9,0,0,21.8,10.8,1016
New York City,11/18/2024,66.4,50.2,57.3,41.7,0,0,32.2,17.4,1011.4
New York City,11/19/2024,59.9,47.2,53.6,46.4,0,0,19.7,9.8,1012.6
New York City,11/20/2024,58.5,53.6,55.9,54.7,0,0,26.4,10.7,1007.9
New York City,11/21/2024,54.3,38.5,47.1,85.7,1.318,100,33.3,16,999.6
New York City,11/22/2024,40.1,37.3,38.9,81.2,0.575,100,35.3,16.6,993.7
New York City,11/23/2024,49.6,37.9,44.3,67.4,0.03,100,43.4,25.9,1000.4
New York City,11/24/2024,53.4,45.3,49,50.5,0,0,35.6,21.7,1011.4
New York City,11/25/2024,54.2,41.9,48.3,47.7,0,0,25.3,10.5,1016.9
New York City,11/26/2024,58.3,48,54.1,63.3,0.2,100,24.2,13,1011.5
New York City,11/27/2024,51.7,42.7,47.3,46.8,0,0,21.9,10.7,1016.1
New York City,11/28/2024,49.3,42.7,45.9,73,0.656,100,31.6,18.2,1005.1
New York City,11/29/2024,46.8,35.3,41.5,55.9,0.002,100,29.8,14.1,1011.7
New York City,11/30/2024,39.5,30.5,34.3,46.3,0,0,25.9,15.6,1015.5
New York City,12/1/2024,37.8,27,32.1,41.3,0,0,30,16.1,1018.5
New York City,12/2/2024,38.7,29.9,34,47.2,0,0,23,12.8,1020.4
New York City,12/3/2024,41.5,32.6,36.4,50.9,0,0,31.2,14,1023.5
New York City,12/4/2024,41.4,30.4,36.1,49,0,0,39.6,16.4,1019.6
New York City,12/5/2024,39.5,32.3,36.8,62.1,0.105,100,45.9,27.4,1004
New York City,12/6/2024,34.8,30.3,32.5,39.8,0,0,32.7,17.7,1017.6
New York City,12/7/2024,40.6,31.5,35.8,43.8,0,0,29.8,15.4,1019.1
New York City,12/8/2024,54.7,38.2,46.3,39,0,0,31.8,17.7,1010.6
New York City,12/9/2024,50.6,43.1,47.3,72.8,0.182,100,24.2,8.5,1014.9
New York City,12/10/2024,50.4,44.7,46.7,88.6,0.236,100,27.7,8.6,1017.1
New York City,12/11/2024,60.3,42.7,54.7,88.5,0.845,100,32.4,15,1004.2
New York City,12/12/2024,42.4,30.1,36.8,42.6,0,0,37.9,21.7,1019.2
New York City,12/13/2024,32.9,27.4,29.8,35.2,0,0,28.7,13.4,1037.2
New York City,12/14/2024,33.8,25.7,29.6,44.1,0,0,13.9,11.6,1046.2
New York City,12/15/2024,41.1,28.3,34.5,60.1,0.005,100,18.3,8.6,1041.6
New York City,12/16/2024,51.3,38.2,44.8,88,0.889,100,26.4,10,1028.8
New York City,12/17/2024,58.7,51,53.6,69,0.085,100,32.2,12.4,1019.9
New York City,12/18/2024,53.2,43,47.7,58.9,0.128,100,13.2,8.3,1020.8
New York City,12/19/2024,44.6,36.9,41.5,56.8,0.148,100,29.8,17,1022.7
New York City,12/20/2024,37.1,33.4,35.8,69.9,0.042,100,29.8,17,1017.4
New York City,12/21/2024,33.4,20.4,28.5,62.7,0.127,100,38,23,1017.2
New York City,12/22/2024,20.9,14.4,18.2,47.6,0,0,28.9,18.4,1030.8
New York City,12/23/2024,29.8,12.5,20.6,50.1,0,0,15.2,9.2,1035.8
New York City,12/24/2024,39.3,28.7,33.7,62.1,0.054,100,20.8,13,1025.7
New York City,12/25/2024,35.4,28.9,32.9,60.9,0,0,18.3,9.6,1028.4
New York City,12/26/2024,36,25,30.3,57.4,0,0,11.2,6.8,1031.2
New York City,12/27/2024,42.5,26.4,34.8,61.7,0,0,9.4,5.8,1030.3
New York City,12/28/2024,50.9,39.3,44.8,84.9,0.528,100,8.3,5.6,1024.8
New York City,12/29/2024,64.5,49.2,54.6,77.8,0.156,100,32.4,16.9,1017.4
New York City,12/30/2024,57.8,48.7,54.8,61.2,0.338,100,34.4,21.1,1005
New York City,12/31/2024,52.2,44.5,48,58.9,0.447,100,23,13.5,1009.8
